ds,y
2017-11-29,2626.070068359375
2017-11-30,2647.580078125
2017-12-01,2642.219970703125
2017-12-02,2641.2932942708335
2017-12-03,2640.3666178385415
2017-12-04,2639.43994140625
2017-12-05,2629.570068359375
2017-12-06,2629.27001953125
2017-12-07,2636.97998046875
2017-12-08,2651.5
2017-12-09,2654.3299967447915
2017-12-10,2657.1599934895835
2017-12-11,2659.989990234375
2017-12-12,2664.110107421875
2017-12-13,2662.85009765625
2017-12-14,2652.010009765625
2017-12-15,2675.81005859375
2017-12-16,2680.5933430989585
2017-12-17,2685.3766276041665
2017-12-18,2690.159912109375
2017-12-19,2681.469970703125
2017-12-20,2679.25
2017-12-21,2684.570068359375
2017-12-22,2683.340087890625
2017-12-23,2682.6300659179688
2017-12-24,2681.9200439453125
2017-12-25,2681.2100219726562
2017-12-26,2680.5
2017-12-27,2682.6201171875
2017-12-28,2687.5400390625
2017-12-29,2673.610107421875
2017-12-30,2679.1600952148438
2017-12-31,2684.7100830078125
2018-01-01,2690.2600708007812
2018-01-02,2695.81005859375
2018-01-03,2713.06005859375
2018-01-04,2723.989990234375
2018-01-05,2743.14990234375
2018-01-06,2744.669921875
2018-01-07,2746.18994140625
2018-01-08,2747.7099609375
2018-01-09,2751.2900390625
2018-01-10,2748.22998046875
2018-01-11,2767.56005859375
2018-01-12,2786.239990234375
2018-01-13,2783.7849731445312
2018-01-14,2781.3299560546875
2018-01-15,2778.8749389648438
2018-01-16,2776.419921875
2018-01-17,2802.56005859375
2018-01-18,2798.030029296875
2018-01-19,2810.300048828125
2018-01-20,2817.856689453125
2018-01-21,2825.413330078125
2018-01-22,2832.969970703125
2018-01-23,2839.1298828125
2018-01-24,2837.5400390625
2018-01-25,2839.25
2018-01-26,2872.8701171875
2018-01-27,2866.4234212239585
2018-01-28,2859.9767252604165
2018-01-29,2853.530029296875
2018-01-30,2822.429931640625
2018-01-31,2823.81005859375
2018-02-01,2821.97998046875
2018-02-02,2762.1298828125
2018-02-03,2724.39990234375
2018-02-04,2686.669921875
2018-02-05,2648.93994140625
2018-02-06,2695.139892578125
2018-02-07,2681.659912109375
2018-02-08,2581.0
2018-02-09,2619.550048828125
2018-02-10,2631.7000325520835
2018-02-11,2643.8500162760415
2018-02-12,2656.0
2018-02-13,2662.93994140625
2018-02-14,2698.6298828125
2018-02-15,2731.199951171875
2018-02-16,2732.219970703125
2018-02-17,2728.22998046875
2018-02-18,2724.239990234375
2018-02-19,2720.25
2018-02-20,2716.260009765625
2018-02-21,2701.330078125
2018-02-22,2703.9599609375
2018-02-23,2747.300048828125
2018-02-24,2758.0667317708335
2018-02-25,2768.8334147135415
2018-02-26,2779.60009765625
2018-02-27,2744.280029296875
2018-02-28,2713.830078125
2018-03-01,2677.669921875
2018-03-02,2691.25
2018-03-03,2701.1466471354165
2018-03-04,2711.0432942708335
2018-03-05,2720.93994140625
2018-03-06,2728.1201171875
2018-03-07,2726.800048828125
2018-03-08,2738.969970703125
2018-03-09,2786.570068359375
2018-03-10,2785.38671875
2018-03-11,2784.203369140625
2018-03-12,2783.02001953125
2018-03-13,2765.31005859375
2018-03-14,2749.47998046875
2018-03-15,2747.330078125
2018-03-16,2752.010009765625
2018-03-17,2738.97998046875
2018-03-18,2725.949951171875
2018-03-19,2712.919921875
2018-03-20,2716.93994140625
2018-03-21,2711.929931640625
2018-03-22,2643.68994140625
2018-03-23,2588.260009765625
2018-03-24,2611.6900227864585
2018-03-25,2635.1200358072915
2018-03-26,2658.550048828125
2018-03-27,2612.6201171875
2018-03-28,2605.0
2018-03-29,2640.8701171875
2018-03-30,2626.12255859375
2018-03-31,2611.375
2018-04-01,2596.62744140625
2018-04-02,2581.8798828125
2018-04-03,2614.449951171875
2018-04-04,2644.68994140625
2018-04-05,2662.840087890625
2018-04-06,2604.469970703125
2018-04-07,2607.3666178385415
2018-04-08,2610.2632649739585
2018-04-09,2613.159912109375
2018-04-10,2656.8701171875
2018-04-11,2642.18994140625
2018-04-12,2663.989990234375
2018-04-13,2656.300048828125
2018-04-14,2663.4800618489585
2018-04-15,2670.6600748697915
2018-04-16,2677.840087890625
2018-04-17,2706.389892578125
2018-04-18,2708.639892578125
2018-04-19,2693.1298828125
2018-04-20,2670.139892578125
2018-04-21,2670.18994140625
2018-04-22,2670.239990234375
2018-04-23,2670.2900390625
2018-04-24,2634.56005859375
2018-04-25,2639.39990234375
2018-04-26,2666.93994140625
2018-04-27,2669.909912109375
2018-04-28,2662.623291015625
2018-04-29,2655.336669921875
2018-04-30,2648.050048828125
2018-05-01,2654.800048828125
2018-05-02,2635.669921875
2018-05-03,2629.72998046875
2018-05-04,2663.419921875
2018-05-05,2666.4899088541665
2018-05-06,2669.5598958333335
2018-05-07,2672.6298828125
2018-05-08,2671.919921875
2018-05-09,2697.7900390625
2018-05-10,2723.070068359375
2018-05-11,2727.719970703125
2018-05-12,2728.5232747395835
2018-05-13,2729.3265787760415
2018-05-14,2730.1298828125
2018-05-15,2711.449951171875
2018-05-16,2722.4599609375
2018-05-17,2720.1298828125
2018-05-18,2712.969970703125
2018-05-19,2719.6499837239585
2018-05-20,2726.3299967447915
2018-05-21,2733.010009765625
2018-05-22,2724.43994140625
2018-05-23,2733.2900390625
2018-05-24,2727.760009765625
2018-05-25,2721.330078125
2018-05-26,2713.4625854492188
2018-05-27,2705.5950927734375
2018-05-28,2697.7276000976562
2018-05-29,2689.860107421875
2018-05-30,2724.010009765625
2018-05-31,2705.27001953125
2018-06-01,2734.6201171875
2018-06-02,2738.7034505208335
2018-06-03,2742.7867838541665
2018-06-04,2746.8701171875
2018-06-05,2748.800048828125
2018-06-06,2772.35009765625
2018-06-07,2770.3701171875
2018-06-08,2779.030029296875
2018-06-09,2780.02001953125
2018-06-10,2781.010009765625
2018-06-11,2782.0
2018-06-12,2786.85009765625
2018-06-13,2775.6298828125
2018-06-14,2782.489990234375
2018-06-15,2779.659912109375
2018-06-16,2777.68994140625
2018-06-17,2775.719970703125
2018-06-18,2773.75
2018-06-19,2762.590087890625
2018-06-20,2767.320068359375
2018-06-21,2749.760009765625
2018-06-22,2754.8798828125
2018-06-23,2742.276611328125
2018-06-24,2729.67333984375
2018-06-25,2717.070068359375
2018-06-26,2723.06005859375
2018-06-27,2699.6298828125
2018-06-28,2716.31005859375
2018-06-29,2718.3701171875
2018-06-30,2721.1500651041665
2018-07-01,2723.9300130208335
2018-07-02,2726.7099609375
2018-07-03,2713.219970703125
2018-07-04,2724.9150390625
2018-07-05,2736.610107421875
2018-07-06,2759.820068359375
2018-07-07,2767.9366861979165
2018-07-08,2776.0533040364585
2018-07-09,2784.169921875
2018-07-10,2793.840087890625
2018-07-11,2774.02001953125
2018-07-12,2798.2900390625
2018-07-13,2801.31005859375
2018-07-14,2800.3500162760415
2018-07-15,2799.3899739583335
2018-07-16,2798.429931640625
2018-07-17,2809.550048828125
2018-07-18,2815.6201171875
2018-07-19,2804.489990234375
2018-07-20,2801.830078125
2018-07-21,2803.5467122395835
2018-07-22,2805.2633463541665
2018-07-23,2806.97998046875
2018-07-24,2820.39990234375
2018-07-25,2846.070068359375
2018-07-26,2837.43994140625
2018-07-27,2818.820068359375
2018-07-28,2813.4134114583335
2018-07-29,2808.0067545572915
2018-07-30,2802.60009765625
2018-07-31,2816.2900390625
2018-08-01,2813.360107421875
2018-08-02,2827.219970703125
2018-08-03,2840.35009765625
2018-08-04,2843.7000325520835
2018-08-05,2847.0499674479165
2018-08-06,2850.39990234375
2018-08-07,2858.449951171875
2018-08-08,2857.699951171875
2018-08-09,2853.580078125
2018-08-10,2833.280029296875
2018-08-11,2829.4966634114585
2018-08-12,2825.7132975260415
2018-08-13,2821.929931640625
2018-08-14,2839.9599609375
2018-08-15,2818.3701171875
2018-08-16,2840.68994140625
2018-08-17,2850.1298828125
2018-08-18,2852.4366048177085
2018-08-19,2854.7433268229165
2018-08-20,2857.050048828125
2018-08-21,2862.9599609375
2018-08-22,2861.820068359375
2018-08-23,2856.97998046875
2018-08-24,2874.68994140625
2018-08-25,2882.0399576822915
2018-08-26,2889.3899739583335
2018-08-27,2896.739990234375
2018-08-28,2897.52001953125
2018-08-29,2914.0400390625
2018-08-30,2901.1298828125
2018-08-31,2901.52001953125
2018-09-01,2900.3200073242188
2018-09-02,2899.1199951171875
2018-09-03,2897.9199829101562
2018-09-04,2896.719970703125
2018-09-05,2888.60009765625
2018-09-06,2878.050048828125
2018-09-07,2871.679931640625
2018-09-08,2873.49658203125
2018-09-09,2875.313232421875
2018-09-10,2877.1298828125
2018-09-11,2887.889892578125
2018-09-12,2888.919921875
2018-09-13,2904.179931640625
2018-09-14,2904.97998046875
2018-09-15,2899.586669921875
2018-09-16,2894.193359375
2018-09-17,2888.800048828125
2018-09-18,2904.31005859375
2018-09-19,2907.949951171875
2018-09-20,2930.75
2018-09-21,2929.669921875
2018-09-22,2926.2366536458335
2018-09-23,2922.8033854166665
2018-09-24,2919.3701171875
2018-09-25,2915.56005859375
2018-09-26,2905.969970703125
2018-09-27,2914.0
2018-09-28,2913.97998046875
2018-09-29,2917.5166829427085
2018-09-30,2921.0533854166665
2018-10-01,2924.590087890625
2018-10-02,2923.429931640625
2018-10-03,2925.510009765625
2018-10-04,2901.610107421875
2018-10-05,2885.570068359375
2018-10-06,2885.1900227864585
2018-10-07,2884.8099772135415
2018-10-08,2884.429931640625
2018-10-09,2880.340087890625
2018-10-10,2785.679931640625
2018-10-11,2728.3701171875
2018-10-12,2767.1298828125
2018-10-13,2761.6832682291665
2018-10-14,2756.2366536458335
2018-10-15,2750.7900390625
2018-10-16,2809.919921875
2018-10-17,2809.2099609375
2018-10-18,2768.780029296875
2018-10-19,2767.780029296875
2018-10-20,2763.8133138020835
2018-10-21,2759.8465983072915
2018-10-22,2755.8798828125
2018-10-23,2740.68994140625
2018-10-24,2656.10009765625
2018-10-25,2705.570068359375
2018-10-26,2658.68994140625
2018-10-27,2652.8766276041665
2018-10-28,2647.0633138020835
2018-10-29,2641.25
2018-10-30,2682.6298828125
2018-10-31,2711.739990234375
2018-11-01,2740.3701171875
2018-11-02,2723.06005859375
2018-11-03,2728.1433919270835
2018-11-04,2733.2267252604165
2018-11-05,2738.31005859375
2018-11-06,2755.449951171875
2018-11-07,2813.889892578125
2018-11-08,2806.830078125
2018-11-09,2781.010009765625
2018-11-10,2762.7466634114585
2018-11-11,2744.4833170572915
2018-11-12,2726.219970703125
2018-11-13,2722.179931640625
2018-11-14,2701.580078125
2018-11-15,2730.199951171875
2018-11-16,2736.27001953125
2018-11-17,2721.0900065104165
2018-11-18,2705.9099934895835
2018-11-19,2690.72998046875
2018-11-20,2641.889892578125
2018-11-21,2649.929931640625
2018-11-22,2641.2449951171875
2018-11-23,2632.56005859375
2018-11-24,2646.1900227864585
2018-11-25,2659.8199869791665
2018-11-26,2673.449951171875
2018-11-27,2682.169921875
2018-11-28,2743.7900390625
2018-11-29,2737.800048828125
2018-11-30,2760.169921875
2018-12-01,2770.2366536458335
2018-12-02,2780.3033854166665
2018-12-03,2790.3701171875
2018-12-04,2700.06005859375
2018-12-05,2698.0050048828125
2018-12-06,2695.949951171875
2018-12-07,2633.080078125
2018-12-08,2634.626708984375
2018-12-09,2636.17333984375
2018-12-10,2637.719970703125
2018-12-11,2636.780029296875
2018-12-12,2651.070068359375
2018-12-13,2650.5400390625
2018-12-14,2599.949951171875
2018-12-15,2581.9466145833335
2018-12-16,2563.9432779947915
2018-12-17,2545.93994140625
2018-12-18,2546.159912109375
2018-12-19,2506.9599609375
2018-12-20,2467.419921875
2018-12-21,2416.6201171875
2018-12-22,2394.7801106770835
2018-12-23,2372.9401041666665
2018-12-24,2351.10009765625
2018-12-25,2409.4000244140625
2018-12-26,2467.699951171875
2018-12-27,2488.830078125
2018-12-28,2485.739990234375
2018-12-29,2492.7766927083335
2018-12-30,2499.8133951822915
2018-12-31,2506.85009765625
2019-01-01,2508.4400634765625
2019-01-02,2510.030029296875
2019-01-03,2447.889892578125
2019-01-04,2531.93994140625
2019-01-05,2537.8566080729165
2019-01-06,2543.7732747395835
2019-01-07,2549.68994140625
2019-01-08,2574.409912109375
2019-01-09,2584.9599609375
2019-01-10,2596.639892578125
2019-01-11,2596.260009765625
2019-01-12,2591.7100423177085
2019-01-13,2587.1600748697915
2019-01-14,2582.610107421875
2019-01-15,2610.300048828125
2019-01-16,2616.10009765625
2019-01-17,2635.9599609375
2019-01-18,2670.7099609375
2019-01-19,2661.2574462890625
2019-01-20,2651.804931640625
2019-01-21,2642.3524169921875
2019-01-22,2632.89990234375
2019-01-23,2638.699951171875
2019-01-24,2642.330078125
2019-01-25,2664.760009765625
2019-01-26,2657.7900390625
2019-01-27,2650.820068359375
2019-01-28,2643.85009765625
2019-01-29,2640.0
2019-01-30,2681.050048828125
2019-01-31,2704.10009765625
2019-02-01,2706.530029296875
2019-02-02,2712.6433919270835
2019-02-03,2718.7567545572915
2019-02-04,2724.8701171875
2019-02-05,2737.699951171875
2019-02-06,2731.610107421875
2019-02-07,2706.050048828125
2019-02-08,2707.8798828125
2019-02-09,2708.5199381510415
2019-02-10,2709.1599934895835
2019-02-11,2709.800048828125
2019-02-12,2744.72998046875
2019-02-13,2753.030029296875
2019-02-14,2745.72998046875
2019-02-15,2775.60009765625
2019-02-16,2776.6400756835938
2019-02-17,2777.6800537109375
2019-02-18,2778.7200317382812
2019-02-19,2779.760009765625
2019-02-20,2784.699951171875
2019-02-21,2774.8798828125
2019-02-22,2792.669921875
2019-02-23,2793.816650390625
2019-02-24,2794.96337890625
2019-02-25,2796.110107421875
2019-02-26,2793.89990234375
2019-02-27,2792.3798828125
2019-02-28,2784.489990234375
2019-03-01,2803.68994140625
2019-03-02,2800.0633138020835
2019-03-03,2796.4366861979165
2019-03-04,2792.81005859375
2019-03-05,2789.64990234375
2019-03-06,2771.449951171875
2019-03-07,2748.929931640625
2019-03-08,2743.070068359375
2019-03-09,2756.4800618489585
2019-03-10,2769.8900553385415
2019-03-11,2783.300048828125
2019-03-12,2791.52001953125
2019-03-13,2810.919921875
2019-03-14,2808.47998046875
2019-03-15,2822.47998046875
2019-03-16,2825.9666341145835
2019-03-17,2829.4532877604165
2019-03-18,2832.93994140625
2019-03-19,2832.570068359375
2019-03-20,2824.22998046875
2019-03-21,2854.8798828125
2019-03-22,2800.7099609375
2019-03-23,2799.9266764322915
2019-03-24,2799.1433919270835
2019-03-25,2798.360107421875
2019-03-26,2818.4599609375
2019-03-27,2805.3701171875
2019-03-28,2815.43994140625
2019-03-29,2834.39990234375
2019-03-30,2845.3299153645835
2019-03-31,2856.2599283854165
2019-04-01,2867.18994140625
2019-04-02,2867.239990234375
2019-04-03,2873.39990234375
2019-04-04,2879.389892578125
2019-04-05,2892.739990234375
2019-04-06,2893.75
2019-04-07,2894.760009765625
2019-04-08,2895.77001953125
2019-04-09,2878.199951171875
2019-04-10,2888.2099609375
2019-04-11,2888.320068359375
2019-04-12,2907.409912109375
2019-04-13,2906.7999674479165
2019-04-14,2906.1900227864585
2019-04-15,2905.580078125
2019-04-16,2907.06005859375
2019-04-17,2900.449951171875
2019-04-18,2905.030029296875
2019-04-19,2905.7650146484375
2019-04-20,2906.5
2019-04-21,2907.2349853515625
2019-04-22,2907.969970703125
2019-04-23,2933.679931640625
2019-04-24,2927.25
2019-04-25,2926.169921875
2019-04-26,2939.8798828125
2019-04-27,2940.929931640625
2019-04-28,2941.97998046875
2019-04-29,2943.030029296875
2019-04-30,2945.830078125
2019-05-01,2923.72998046875
2019-05-02,2917.52001953125
2019-05-03,2945.639892578125
2019-05-04,2941.2499186197915
2019-05-05,2936.8599446614585
2019-05-06,2932.469970703125
2019-05-07,2884.050048828125
2019-05-08,2879.419921875
2019-05-09,2870.719970703125
2019-05-10,2881.39990234375
2019-05-11,2858.2233072916665
2019-05-12,2835.0467122395835
2019-05-13,2811.8701171875
2019-05-14,2834.409912109375
2019-05-15,2850.9599609375
2019-05-16,2876.320068359375
2019-05-17,2859.530029296875
2019-05-18,2853.0966796875
2019-05-19,2846.663330078125
2019-05-20,2840.22998046875
2019-05-21,2864.360107421875
2019-05-22,2856.27001953125
2019-05-23,2822.239990234375
2019-05-24,2826.06005859375
2019-05-25,2820.1425170898438
2019-05-26,2814.2249755859375
2019-05-27,2808.3074340820312
2019-05-28,2802.389892578125
2019-05-29,2783.02001953125
2019-05-30,2788.860107421875
2019-05-31,2752.06005859375
2019-06-01,2749.5233561197915
2019-06-02,2746.9866536458335
2019-06-03,2744.449951171875
2019-06-04,2803.27001953125
2019-06-05,2826.14990234375
2019-06-06,2843.489990234375
2019-06-07,2873.340087890625
2019-06-08,2877.8033854166665
2019-06-09,2882.2666829427085
2019-06-10,2886.72998046875
2019-06-11,2885.719970703125
2019-06-12,2879.840087890625
2019-06-13,2891.639892578125
2019-06-14,2886.97998046875
2019-06-15,2887.8766276041665
2019-06-16,2888.7732747395835
2019-06-17,2889.669921875
2019-06-18,2917.75
2019-06-19,2926.4599609375
2019-06-20,2954.179931640625
2019-06-21,2950.4599609375
2019-06-22,2948.7566731770835
2019-06-23,2947.0533854166665
2019-06-24,2945.35009765625
2019-06-25,2917.3798828125
2019-06-26,2913.780029296875
2019-06-27,2924.919921875
2019-06-28,2941.760009765625
2019-06-29,2949.2833658854165
2019-06-30,2956.8067220052085
2019-07-01,2964.330078125
2019-07-02,2973.010009765625
2019-07-03,2995.820068359375
2019-07-04,2993.114990234375
2019-07-05,2990.409912109375
2019-07-06,2985.5899251302085
2019-07-07,2980.7699381510415
2019-07-08,2975.949951171875
2019-07-09,2979.6298828125
2019-07-10,2993.070068359375
2019-07-11,2999.909912109375
2019-07-12,3013.77001953125
2019-07-13,3013.9466959635415
2019-07-14,3014.1233723958335
2019-07-15,3014.300048828125
2019-07-16,3004.0400390625
2019-07-17,2984.419921875
2019-07-18,2995.110107421875
2019-07-19,2976.610107421875
2019-07-20,2979.416748046875
2019-07-21,2982.223388671875
2019-07-22,2985.030029296875
2019-07-23,3005.469970703125
2019-07-24,3019.56005859375
2019-07-25,3003.669921875
2019-07-26,3025.860107421875
2019-07-27,3024.2300618489585
2019-07-28,3022.6000162760415
2019-07-29,3020.969970703125
2019-07-30,3013.179931640625
2019-07-31,2980.3798828125
2019-08-01,2953.56005859375
2019-08-02,2932.050048828125
2019-08-03,2902.9466959635415
2019-08-04,2873.8433430989585
2019-08-05,2844.739990234375
2019-08-06,2881.77001953125
2019-08-07,2883.97998046875
2019-08-08,2938.090087890625
2019-08-09,2918.64990234375
2019-08-10,2906.6665852864585
2019-08-11,2894.6832682291665
2019-08-12,2882.699951171875
2019-08-13,2926.320068359375
2019-08-14,2840.60009765625
2019-08-15,2847.60009765625
2019-08-16,2888.679931640625
2019-08-17,2900.3365885416665
2019-08-18,2911.9932454427085
2019-08-19,2923.64990234375
2019-08-20,2900.510009765625
2019-08-21,2924.429931640625
2019-08-22,2922.949951171875
2019-08-23,2847.110107421875
2019-08-24,2857.5333658854165
2019-08-25,2867.9566243489585
2019-08-26,2878.3798828125
2019-08-27,2869.159912109375
2019-08-28,2887.93994140625
2019-08-29,2924.580078125
2019-08-30,2926.4599609375
2019-08-31,2921.4124755859375
2019-09-01,2916.364990234375
2019-09-02,2911.3175048828125
2019-09-03,2906.27001953125
2019-09-04,2937.780029296875
2019-09-05,2976.0
2019-09-06,2978.7099609375
2019-09-07,2978.6166178385415
2019-09-08,2978.5232747395835
2019-09-09,2978.429931640625
2019-09-10,2979.389892578125
2019-09-11,3000.929931640625
2019-09-12,3009.570068359375
2019-09-13,3007.389892578125
2019-09-14,3004.24658203125
2019-09-15,3001.103271484375
2019-09-16,2997.9599609375
2019-09-17,3005.699951171875
2019-09-18,3006.72998046875
2019-09-19,3006.7900390625
2019-09-20,2992.070068359375
2019-09-21,2991.973388671875
2019-09-22,2991.876708984375
2019-09-23,2991.780029296875
2019-09-24,2966.60009765625
2019-09-25,2984.8701171875
2019-09-26,2977.6201171875
2019-09-27,2961.7900390625
2019-09-28,2966.7733561197915
2019-09-29,2971.7566731770835
2019-09-30,2976.739990234375
2019-10-01,2940.25
2019-10-02,2887.610107421875
2019-10-03,2910.6298828125
2019-10-04,2952.010009765625
2019-10-05,2947.6033528645835
2019-10-06,2943.1966959635415
2019-10-07,2938.7900390625
2019-10-08,2893.06005859375
2019-10-09,2919.39990234375
2019-10-10,2938.1298828125
2019-10-11,2970.27001953125
2019-10-12,2968.8966471354165
2019-10-13,2967.5232747395835
2019-10-14,2966.14990234375
2019-10-15,2995.679931640625
2019-10-16,2989.68994140625
2019-10-17,2997.949951171875
2019-10-18,2986.199951171875
2019-10-19,2993.0399576822915
2019-10-20,2999.8799641927085
2019-10-21,3006.719970703125
2019-10-22,2995.989990234375
2019-10-23,3004.52001953125
2019-10-24,3010.2900390625
2019-10-25,3022.550048828125
2019-10-26,3028.17333984375
2019-10-27,3033.796630859375
2019-10-28,3039.419921875
2019-10-29,3036.889892578125
2019-10-30,3046.77001953125
2019-10-31,3037.56005859375
2019-11-01,3066.909912109375
2019-11-02,3070.6966145833335
2019-11-03,3074.4833170572915
2019-11-04,3078.27001953125
2019-11-05,3074.6201171875
2019-11-06,3076.780029296875
2019-11-07,3085.179931640625
2019-11-08,3093.080078125
2019-11-09,3091.0567220052085
2019-11-10,3089.0333658854165
2019-11-11,3087.010009765625
2019-11-12,3091.840087890625
2019-11-13,3094.0400390625
2019-11-14,3096.6298828125
2019-11-15,3120.4599609375
2019-11-16,3120.9833170572915
2019-11-17,3121.5066731770835
2019-11-18,3122.030029296875
2019-11-19,3120.179931640625
2019-11-20,3108.4599609375
2019-11-21,3103.5400390625
2019-11-22,3110.2900390625
2019-11-23,3118.0733235677085
2019-11-24,3125.8566080729165
2019-11-25,3133.639892578125
2019-11-26,3140.52001953125
2019-11-27,3153.6298828125
2019-11-28,3147.304931640625
2019-11-29,3140.97998046875
2019-11-30,3131.943359375
2019-12-01,3122.90673828125
2019-12-02,3113.8701171875
2019-12-03,3093.199951171875
2019-12-04,3112.760009765625
2019-12-05,3117.429931640625
2019-12-06,3145.909912109375
2019-12-07,3142.59326171875
2019-12-08,3139.276611328125
2019-12-09,3135.9599609375
2019-12-10,3132.52001953125
2019-12-11,3141.6298828125
2019-12-12,3168.570068359375
2019-12-13,3168.800048828125
2019-12-14,3176.3500162760415
2019-12-15,3183.8999837239585
2019-12-16,3191.449951171875
2019-12-17,3192.52001953125
2019-12-18,3191.139892578125
2019-12-19,3205.3701171875
2019-12-20,3221.219970703125
2019-12-21,3222.1499837239585
2019-12-22,3223.0799967447915
2019-12-23,3224.010009765625
2019-12-24,3223.3798828125
2019-12-25,3231.6448974609375
2019-12-26,3239.909912109375
2019-12-27,3240.02001953125
2019-12-28,3233.7766927083335
2019-12-29,3227.5333658854165
2019-12-30,3221.2900390625
2019-12-31,3230.780029296875
2020-01-01,3244.3150634765625
2020-01-02,3257.85009765625
2020-01-03,3234.85009765625
2020-01-04,3238.6600748697915
2020-01-05,3242.4700520833335
2020-01-06,3246.280029296875
2020-01-07,3237.179931640625
2020-01-08,3253.050048828125
2020-01-09,3274.699951171875
2020-01-10,3265.35009765625
2020-01-11,3272.943359375
2020-01-12,3280.53662109375
2020-01-13,3288.1298828125
2020-01-14,3283.14990234375
2020-01-15,3289.2900390625
2020-01-16,3316.81005859375
2020-01-17,3329.6201171875
2020-01-18,3327.41259765625
2020-01-19,3325.205078125
2020-01-20,3322.99755859375
2020-01-21,3320.7900390625
2020-01-22,3321.75
2020-01-23,3325.5400390625
2020-01-24,3295.469970703125
2020-01-25,3278.18994140625
2020-01-26,3260.909912109375
2020-01-27,3243.6298828125
2020-01-28,3276.239990234375
2020-01-29,3273.39990234375
2020-01-30,3283.659912109375
2020-01-31,3225.52001953125
2020-02-01,3233.3199869791665
2020-02-02,3241.1199544270835
2020-02-03,3248.919921875
2020-02-04,3297.590087890625
2020-02-05,3334.68994140625
2020-02-06,3345.780029296875
2020-02-07,3327.7099609375
2020-02-08,3335.836669921875
2020-02-09,3343.96337890625
2020-02-10,3352.090087890625
2020-02-11,3357.75
2020-02-12,3379.449951171875
2020-02-13,3373.93994140625
2020-02-14,3380.159912109375
2020-02-15,3377.6924438476562
2020-02-16,3375.2249755859375
2020-02-17,3372.7575073242188
2020-02-18,3370.2900390625
2020-02-19,3386.14990234375
2020-02-20,3373.22998046875
2020-02-21,3337.75
2020-02-22,3300.4632975260415
2020-02-23,3263.1765950520835
2020-02-24,3225.889892578125
2020-02-25,3128.2099609375
2020-02-26,3116.389892578125
2020-02-27,2978.760009765625
2020-02-28,2954.219970703125
2020-02-29,2999.556640625
2020-03-01,3044.893310546875
2020-03-02,3090.22998046875
2020-03-03,3003.3701171875
2020-03-04,3130.1201171875
2020-03-05,3023.93994140625
2020-03-06,2972.3701171875
2020-03-07,2897.10009765625
2020-03-08,2821.830078125
2020-03-09,2746.56005859375
2020-03-10,2882.22998046875
2020-03-11,2741.3798828125
2020-03-12,2480.639892578125
2020-03-13,2711.02001953125
2020-03-14,2602.7233072916665
2020-03-15,2494.4265950520835
2020-03-16,2386.1298828125
2020-03-17,2529.18994140625
2020-03-18,2398.10009765625
2020-03-19,2409.389892578125
2020-03-20,2304.919921875
2020-03-21,2282.4132486979165
2020-03-22,2259.9065755208335
2020-03-23,2237.39990234375
2020-03-24,2447.330078125
2020-03-25,2475.56005859375
2020-03-26,2630.070068359375
2020-03-27,2541.469970703125
2020-03-28,2569.86328125
2020-03-29,2598.256591796875
2020-03-30,2626.64990234375
2020-03-31,2584.590087890625
2020-04-01,2470.5
2020-04-02,2526.89990234375
2020-04-03,2488.64990234375
2020-04-04,2546.9932454427085
2020-04-05,2605.3365885416665
2020-04-06,2663.679931640625
2020-04-07,2659.409912109375
2020-04-08,2749.97998046875
2020-04-09,2789.820068359375
2020-04-10,2782.7725219726562
2020-04-11,2775.7249755859375
2020-04-12,2768.6774291992188
2020-04-13,2761.6298828125
2020-04-14,2846.06005859375
2020-04-15,2783.360107421875
2020-04-16,2799.550048828125
2020-04-17,2874.56005859375
2020-04-18,2857.4266764322915
2020-04-19,2840.2932942708335
2020-04-20,2823.159912109375
2020-04-21,2736.56005859375
2020-04-22,2799.31005859375
2020-04-23,2797.800048828125
2020-04-24,2836.739990234375
2020-04-25,2850.6533203125
2020-04-26,2864.566650390625
2020-04-27,2878.47998046875
2020-04-28,2863.389892578125
2020-04-29,2939.510009765625
2020-04-30,2912.429931640625
2020-05-01,2830.7099609375
2020-05-02,2834.719970703125
2020-05-03,2838.72998046875
2020-05-04,2842.739990234375
2020-05-05,2868.43994140625
2020-05-06,2848.419921875
2020-05-07,2881.18994140625
2020-05-08,2929.800048828125
2020-05-09,2929.9300130208335
2020-05-10,2930.0599772135415
2020-05-11,2930.18994140625
2020-05-12,2870.1201171875
2020-05-13,2820.0
2020-05-14,2852.5
2020-05-15,2863.699951171875
2020-05-16,2893.7699381510415
2020-05-17,2923.8399251302085
2020-05-18,2953.909912109375
2020-05-19,2922.93994140625
2020-05-20,2971.610107421875
2020-05-21,2948.510009765625
2020-05-22,2955.449951171875
2020-05-23,2964.5299682617188
2020-05-24,2973.6099853515625
2020-05-25,2982.6900024414062
2020-05-26,2991.77001953125
2020-05-27,3036.1298828125
2020-05-28,3029.72998046875
2020-05-29,3044.31005859375
2020-05-30,3048.11669921875
2020-05-31,3051.92333984375
2020-06-01,3055.72998046875
2020-06-02,3080.820068359375
2020-06-03,3122.8701171875
2020-06-04,3112.35009765625
2020-06-05,3193.929931640625
2020-06-06,3206.7499186197915
2020-06-07,3219.5699055989585
2020-06-08,3232.389892578125
2020-06-09,3207.179931640625
2020-06-10,3190.139892578125
2020-06-11,3002.10009765625
2020-06-12,3041.31005859375
2020-06-13,3049.7367350260415
2020-06-14,3058.1634114583335
2020-06-15,3066.590087890625
2020-06-16,3124.739990234375
2020-06-17,3113.489990234375
2020-06-18,3115.340087890625
2020-06-19,3097.739990234375
2020-06-20,3104.4466959635415
2020-06-21,3111.1534016927085
2020-06-22,3117.860107421875
2020-06-23,3131.2900390625
2020-06-24,3050.330078125
2020-06-25,3083.760009765625
2020-06-26,3009.050048828125
2020-06-27,3023.780029296875
2020-06-28,3038.510009765625
2020-06-29,3053.239990234375
2020-06-30,3100.2900390625
2020-07-01,3115.860107421875
2020-07-02,3130.010009765625
2020-07-03,3142.4375
2020-07-04,3154.864990234375
2020-07-05,3167.29248046875
2020-07-06,3179.719970703125
2020-07-07,3145.320068359375
2020-07-08,3169.93994140625
2020-07-09,3152.050048828125
2020-07-10,3185.0400390625
2020-07-11,3175.1000162760415
2020-07-12,3165.1599934895835
2020-07-13,3155.219970703125
2020-07-14,3197.52001953125
2020-07-15,3226.56005859375
2020-07-16,3215.570068359375
2020-07-17,3224.72998046875
2020-07-18,3233.7666829427085
2020-07-19,3242.8033854166665
2020-07-20,3251.840087890625
2020-07-21,3257.300048828125
2020-07-22,3276.02001953125
2020-07-23,3235.659912109375
2020-07-24,3215.6298828125
2020-07-25,3223.5565592447915
2020-07-26,3231.4832356770835
2020-07-27,3239.409912109375
2020-07-28,3218.43994140625
2020-07-29,3258.43994140625
2020-07-30,3246.219970703125
2020-07-31,3271.1201171875
2020-08-01,3278.9501139322915
2020-08-02,3286.7801106770835
2020-08-03,3294.610107421875
2020-08-04,3306.510009765625
2020-08-05,3327.77001953125
2020-08-06,3349.159912109375
2020-08-07,3351.280029296875
2020-08-08,3354.3433430989585
2020-08-09,3357.4066569010415
2020-08-10,3360.469970703125
2020-08-11,3333.68994140625
2020-08-12,3380.35009765625
2020-08-13,3373.429931640625
2020-08-14,3372.85009765625
2020-08-15,3375.896728515625
2020-08-16,3378.943359375
2020-08-17,3381.989990234375
2020-08-18,3389.780029296875
2020-08-19,3374.85009765625
2020-08-20,3385.510009765625
2020-08-21,3397.159912109375
2020-08-22,3408.5332845052085
2020-08-23,3419.9066569010415
2020-08-24,3431.280029296875
2020-08-25,3443.6201171875
2020-08-26,3478.72998046875
2020-08-27,3484.550048828125
2020-08-28,3508.010009765625
2020-08-29,3505.443359375
2020-08-30,3502.876708984375
2020-08-31,3500.31005859375
2020-09-01,3526.64990234375
2020-09-02,3580.840087890625
2020-09-03,3455.06005859375
2020-09-04,3426.9599609375
2020-09-05,3403.1799926757812
2020-09-06,3379.4000244140625
2020-09-07,3355.6200561523438
2020-09-08,3331.840087890625
2020-09-09,3398.9599609375
2020-09-10,3339.18994140625
2020-09-11,3340.969970703125
2020-09-12,3355.1599934895835
2020-09-13,3369.3500162760415
2020-09-14,3383.5400390625
2020-09-15,3401.199951171875
2020-09-16,3385.489990234375
2020-09-17,3357.010009765625
2020-09-18,3319.469970703125
2020-09-19,3306.6666666666665
2020-09-20,3293.8633626302085
2020-09-21,3281.06005859375
2020-09-22,3315.570068359375
2020-09-23,3236.919921875
2020-09-24,3246.590087890625
2020-09-25,3298.4599609375
2020-09-26,3316.17333984375
2020-09-27,3333.88671875
2020-09-28,3351.60009765625
2020-09-29,3335.469970703125
2020-09-30,3363.0
2020-10-01,3380.800048828125
2020-10-02,3348.419921875
2020-10-03,3368.47998046875
2020-10-04,3388.5400390625
2020-10-05,3408.60009765625
2020-10-06,3360.969970703125
2020-10-07,3419.43994140625
2020-10-08,3446.830078125
2020-10-09,3477.139892578125
2020-10-10,3496.1665852864585
2020-10-11,3515.1932779947915
2020-10-12,3534.219970703125
2020-10-13,3511.929931640625
2020-10-14,3488.669921875
2020-10-15,3483.340087890625
2020-10-16,3483.81005859375
2020-10-17,3464.8466796875
2020-10-18,3445.88330078125
2020-10-19,3426.919921875
2020-10-20,3443.1201171875
2020-10-21,3435.56005859375
2020-10-22,3453.489990234375
2020-10-23,3465.389892578125
2020-10-24,3443.9165852864585
2020-10-25,3422.4432779947915
2020-10-26,3400.969970703125
2020-10-27,3390.679931640625
2020-10-28,3271.030029296875
2020-10-29,3310.110107421875
2020-10-30,3269.9599609375
2020-10-31,3283.3866373697915
2020-11-01,3296.8133138020835
2020-11-02,3310.239990234375
2020-11-03,3369.159912109375
2020-11-04,3443.43994140625
2020-11-05,3510.449951171875
2020-11-06,3509.43994140625
2020-11-07,3523.1266276041665
2020-11-08,3536.8133138020835
2020-11-09,3550.5
2020-11-10,3545.530029296875
2020-11-11,3572.659912109375
2020-11-12,3537.010009765625
2020-11-13,3585.14990234375
2020-11-14,3599.0699055989585
2020-11-15,3612.9899088541665
2020-11-16,3626.909912109375
2020-11-17,3609.530029296875
2020-11-18,3567.7900390625
2020-11-19,3581.8701171875
2020-11-20,3557.5400390625
2020-11-21,3564.223388671875
2020-11-22,3570.90673828125
2020-11-23,3577.590087890625
2020-11-24,3635.409912109375
2020-11-25,3629.64990234375
2020-11-26,3634.0
2020-11-27,3638.35009765625
2020-11-28,3632.7766927083335
2020-11-29,3627.2032877604165
2020-11-30,3621.6298828125
2020-12-01,3662.449951171875
2020-12-02,3669.010009765625
2020-12-03,3666.719970703125
2020-12-04,3699.1201171875
2020-12-05,3696.7333984375
2020-12-06,3694.3466796875
2020-12-07,3691.9599609375
2020-12-08,3702.25
2020-12-09,3672.820068359375
2020-12-10,3668.10009765625
2020-12-11,3663.4599609375
2020-12-12,3658.1366373697915
2020-12-13,3652.8133138020835
2020-12-14,3647.489990234375
2020-12-15,3694.6201171875
2020-12-16,3701.169921875
2020-12-17,3722.47998046875
2020-12-18,3709.409912109375
2020-12-19,3704.5799153645835
2020-12-20,3699.7499186197915
2020-12-21,3694.919921875
2020-12-22,3687.260009765625
2020-12-23,3690.010009765625
2020-12-24,3703.06005859375
2020-12-25,3711.1350708007812
2020-12-26,3719.2100830078125
2020-12-27,3727.2850952148438
2020-12-28,3735.360107421875
2020-12-29,3727.0400390625
2020-12-30,3732.0400390625
2020-12-31,3756.070068359375
2021-01-01,3742.2150268554688
2021-01-02,3728.3599853515625
2021-01-03,3714.5049438476562
2021-01-04,3700.64990234375
2021-01-05,3726.860107421875
2021-01-06,3748.139892578125
2021-01-07,3803.7900390625
2021-01-08,3824.679931640625
2021-01-09,3816.3233235677085
2021-01-10,3807.9667154947915
2021-01-11,3799.610107421875
2021-01-12,3801.18994140625
2021-01-13,3809.840087890625
2021-01-14,3795.5400390625
2021-01-15,3768.25
2021-01-16,3775.9149780273438
2021-01-17,3783.5799560546875
2021-01-18,3791.2449340820312
2021-01-19,3798.909912109375
2021-01-20,3851.85009765625
2021-01-21,3853.070068359375
2021-01-22,3841.469970703125
2021-01-23,3846.1000162760415
2021-01-24,3850.7300618489585
2021-01-25,3855.360107421875
2021-01-26,3849.6201171875
2021-01-27,3750.77001953125
2021-01-28,3787.3798828125
2021-01-29,3714.239990234375
2021-01-30,3734.1133626302085
2021-01-31,3753.9867350260415
2021-02-01,3773.860107421875
2021-02-02,3826.31005859375
2021-02-03,3830.169921875
2021-02-04,3871.739990234375
2021-02-05,3886.830078125
2021-02-06,3896.416748046875
2021-02-07,3906.00341796875
2021-02-08,3915.590087890625
2021-02-09,3911.22998046875
2021-02-10,3909.8798828125
2021-02-11,3916.3798828125
2021-02-12,3934.830078125
2021-02-13,3934.2700805664062
2021-02-14,3933.7100830078125
2021-02-15,3933.1500854492188
2021-02-16,3932.590087890625
2021-02-17,3931.330078125
2021-02-18,3913.969970703125
2021-02-19,3906.7099609375
2021-02-20,3896.6399739583335
2021-02-21,3886.5699869791665
2021-02-22,3876.5
2021-02-23,3881.3701171875
2021-02-24,3925.429931640625
2021-02-25,3829.340087890625
2021-02-26,3811.14990234375
2021-02-27,3841.373291015625
2021-02-28,3871.5966796875
2021-03-01,3901.820068359375
2021-03-02,3870.2900390625
2021-03-03,3819.719970703125
2021-03-04,3768.469970703125
2021-03-05,3841.93994140625
2021-03-06,3835.07666015625
2021-03-07,3828.21337890625
2021-03-08,3821.35009765625
2021-03-09,3875.43994140625
2021-03-10,3898.81005859375
2021-03-11,3939.340087890625
2021-03-12,3943.340087890625
2021-03-13,3951.8733723958335
2021-03-14,3960.4066569010415
2021-03-15,3968.93994140625
2021-03-16,3962.7099609375
2021-03-17,3974.1201171875
2021-03-18,3915.4599609375
2021-03-19,3913.10009765625
2021-03-20,3922.263427734375
2021-03-21,3931.4267578125
2021-03-22,3940.590087890625
2021-03-23,3910.52001953125
2021-03-24,3889.139892578125
2021-03-25,3909.52001953125
2021-03-26,3974.5400390625
2021-03-27,3973.3900553385415
2021-03-28,3972.2400716145835
2021-03-29,3971.090087890625
2021-03-30,3958.550048828125
2021-03-31,3972.889892578125
2021-04-01,4019.8701171875
2021-04-02,4034.3800659179688
2021-04-03,4048.8900146484375
2021-04-04,4063.3999633789062
2021-04-05,4077.909912109375
2021-04-06,4073.93994140625
2021-04-07,4079.949951171875
2021-04-08,4097.169921875
2021-04-09,4128.7998046875
2021-04-10,4128.529947916667
2021-04-11,4128.260091145833
2021-04-12,4127.990234375
2021-04-13,4141.58984375
2021-04-14,4124.66015625
2021-04-15,4170.419921875
2021-04-16,4185.47021484375
2021-04-17,4178.066731770833
2021-04-18,4170.663248697917
2021-04-19,4163.259765625
2021-04-20,4134.93994140625
2021-04-21,4173.419921875
2021-04-22,4134.97998046875
2021-04-23,4180.169921875
2021-04-24,4182.6533203125
2021-04-25,4185.13671875
2021-04-26,4187.6201171875
2021-04-27,4186.72021484375
2021-04-28,4183.18017578125
2021-04-29,4211.47021484375
2021-04-30,4181.169921875
2021-05-01,4185.0
2021-05-02,4188.830078125
2021-05-03,4192.66015625
2021-05-04,4164.66015625
2021-05-05,4167.58984375
2021-05-06,4201.6201171875
2021-05-07,4232.60009765625
2021-05-08,4217.876790364583
2021-05-09,4203.153483072917
2021-05-10,4188.43017578125
2021-05-11,4152.10009765625
2021-05-12,4063.0400390625
2021-05-13,4112.5
2021-05-14,4173.85009765625
2021-05-15,4170.330078125
2021-05-16,4166.81005859375
2021-05-17,4163.2900390625
2021-05-18,4127.830078125
2021-05-19,4115.68017578125
2021-05-20,4159.1201171875
2021-05-21,4155.85986328125
2021-05-22,4169.58984375
2021-05-23,4183.31982421875
2021-05-24,4197.0498046875
2021-05-25,4188.1298828125
2021-05-26,4195.990234375
2021-05-27,4200.8798828125
2021-05-28,4204.10986328125
2021-05-29,4203.5924072265625
2021-05-30,4203.074951171875
2021-05-31,4202.5574951171875
2021-06-01,4202.0400390625
2021-06-02,4208.1201171875
2021-06-03,4192.85009765625
2021-06-04,4229.89013671875
2021-06-05,4228.766764322917
2021-06-06,4227.643391927083
2021-06-07,4226.52001953125
2021-06-08,4227.259765625
2021-06-09,4219.5498046875
2021-06-10,4239.18017578125
2021-06-11,4247.43994140625
2021-06-12,4250.009928385417
2021-06-13,4252.579915364583
2021-06-14,4255.14990234375
2021-06-15,4246.58984375
2021-06-16,4223.7001953125
2021-06-17,4221.85986328125
2021-06-18,4166.4501953125
2021-06-19,4185.896809895833
2021-06-20,4205.343424479167
2021-06-21,4224.7900390625
2021-06-22,4246.43994140625
2021-06-23,4241.83984375
2021-06-24,4266.490234375
2021-06-25,4280.7001953125
2021-06-26,4284.00341796875
2021-06-27,4287.306640625
2021-06-28,4290.60986328125
2021-06-29,4291.7998046875
2021-06-30,4297.5
2021-07-01,4319.93994140625
2021-07-02,4352.33984375
2021-07-03,4350.139892578125
2021-07-04,4347.93994140625
2021-07-05,4345.739990234375
2021-07-06,4343.5400390625
2021-07-07,4358.1298828125
2021-07-08,4320.81982421875
2021-07-09,4369.5498046875
2021-07-10,4374.576497395833
2021-07-11,4379.603190104167
2021-07-12,4384.6298828125
2021-07-13,4369.2099609375
2021-07-14,4374.2998046875
2021-07-15,4360.02978515625
2021-07-16,4327.16015625
2021-07-17,4304.270182291667
2021-07-18,4281.380208333333
2021-07-19,4258.490234375
2021-07-20,4323.06005859375
2021-07-21,4358.68994140625
2021-07-22,4367.47998046875
2021-07-23,4411.7900390625
2021-07-24,4415.293294270833
2021-07-25,4418.796549479167
2021-07-26,4422.2998046875
2021-07-27,4401.4599609375
2021-07-28,4400.64013671875
2021-07-29,4419.14990234375
2021-07-30,4395.259765625
2021-07-31,4392.559895833333
2021-08-01,4389.860026041667
2021-08-02,4387.16015625
2021-08-03,4423.14990234375
2021-08-04,4402.66015625
2021-08-05,4429.10009765625
2021-08-06,4436.52001953125
2021-08-07,4435.130045572917
2021-08-08,4433.740071614583
2021-08-09,4432.35009765625
2021-08-10,4436.75
2021-08-11,4442.41015625
2021-08-12,4460.830078125
2021-08-13,4468.0
2021-08-14,4471.9033203125
2021-08-15,4475.806640625
2021-08-16,4479.7099609375
2021-08-17,4448.080078125
2021-08-18,4400.27001953125
2021-08-19,4405.7998046875
2021-08-20,4441.669921875
2021-08-21,4454.289876302083
2021-08-22,4466.909830729167
2021-08-23,4479.52978515625
2021-08-24,4486.22998046875
2021-08-25,4496.18994140625
2021-08-26,4470.0
2021-08-27,4509.3701171875
2021-08-28,4515.843424479167
2021-08-29,4522.316731770833
2021-08-30,4528.7900390625
2021-08-31,4522.68017578125
2021-09-01,4524.08984375
2021-09-02,4536.9501953125
2021-09-03,4535.43017578125
2021-09-04,4531.580078125
2021-09-05,4527.72998046875
2021-09-06,4523.8798828125
2021-09-07,4520.02978515625
2021-09-08,4514.06982421875
2021-09-09,4493.27978515625
2021-09-10,4458.580078125
2021-09-11,4461.96337890625
2021-09-12,4465.3466796875
2021-09-13,4468.72998046875
2021-09-14,4443.0498046875
2021-09-15,4480.7001953125
2021-09-16,4473.75
2021-09-17,4432.990234375
2021-09-18,4407.903483072917
2021-09-19,4382.816731770833
2021-09-20,4357.72998046875
2021-09-21,4354.18994140625
2021-09-22,4395.64013671875
2021-09-23,4448.97998046875
2021-09-24,4455.47998046875
2021-09-25,4451.356608072917
2021-09-26,4447.233235677083
2021-09-27,4443.10986328125
2021-09-28,4352.6298828125
2021-09-29,4359.4599609375
2021-09-30,4307.5400390625
2021-10-01,4357.0400390625
2021-10-02,4338.180013020833
2021-10-03,4319.319986979167
2021-10-04,4300.4599609375
2021-10-05,4345.72021484375
2021-10-06,4363.5498046875
2021-10-07,4399.759765625
2021-10-08,4391.33984375
2021-10-09,4381.289876302083
2021-10-10,4371.239908854167
2021-10-11,4361.18994140625
2021-10-12,4350.64990234375
2021-10-13,4363.7998046875
2021-10-14,4438.259765625
2021-10-15,4471.3701171875
2021-10-16,4476.400065104167
2021-10-17,4481.430013020833
2021-10-18,4486.4599609375
2021-10-19,4519.6298828125
2021-10-20,4536.18994140625
2021-10-21,4549.77978515625
2021-10-22,4544.89990234375
2021-10-23,4552.09326171875
2021-10-24,4559.28662109375
2021-10-25,4566.47998046875
2021-10-26,4574.7900390625
2021-10-27,4551.68017578125
2021-10-28,4596.419921875
2021-10-29,4605.3798828125
2021-10-30,4608.143229166667
2021-10-31,4610.906575520833
2021-11-01,4613.669921875
2021-11-02,4630.64990234375
2021-11-03,4660.56982421875
2021-11-04,4680.06005859375
2021-11-05,4697.52978515625
2021-11-06,4698.919921875
2021-11-07,4700.31005859375
2021-11-08,4701.7001953125
2021-11-09,4685.25
2021-11-10,4646.7099609375
2021-11-11,4649.27001953125
2021-11-12,4682.85009765625
2021-11-13,4682.833333333333
2021-11-14,4682.816569010417
2021-11-15,4682.7998046875
2021-11-16,4700.89990234375
2021-11-17,4688.669921875
2021-11-18,4704.5400390625
2021-11-19,4697.9599609375
2021-11-20,4692.953287760417
2021-11-21,4687.946614583333
2021-11-22,4682.93994140625
2021-11-23,4690.7001953125
2021-11-24,4701.4599609375
2021-11-25,4648.0400390625
2021-11-26,4594.6201171875
2021-11-27,4614.836751302083
2021-11-28,4635.053385416667
2021-11-29,4655.27001953125
2021-11-30,4567.0
2021-12-01,4513.0400390625
2021-12-02,4577.10009765625
2021-12-03,4538.43017578125
2021-12-04,4556.1767578125
2021-12-05,4573.92333984375
2021-12-06,4591.669921875
2021-12-07,4686.75
2021-12-08,4701.2099609375
2021-12-09,4667.4501953125
2021-12-10,4712.02001953125
2021-12-11,4697.670084635417
2021-12-12,4683.320149739583
2021-12-13,4668.97021484375
2021-12-14,4634.08984375
2021-12-15,4709.85009765625
2021-12-16,4668.669921875
2021-12-17,4620.64013671875
2021-12-18,4603.10009765625
2021-12-19,4585.56005859375
2021-12-20,4568.02001953125
2021-12-21,4649.22998046875
2021-12-22,4696.56005859375
2021-12-23,4725.7900390625
2021-12-24,4742.1400146484375
2021-12-25,4758.489990234375
2021-12-26,4774.8399658203125
2021-12-27,4791.18994140625
2021-12-28,4786.35009765625
2021-12-29,4793.06005859375
2021-12-30,4778.72998046875
2021-12-31,4766.18017578125
2022-01-01,4776.306803385417
2022-01-02,4786.433430989583
2022-01-03,4796.56005859375
2022-01-04,4793.5400390625
2022-01-05,4700.580078125
2022-01-06,4696.0498046875
2022-01-07,4677.02978515625
2022-01-08,4674.783203125
2022-01-09,4672.53662109375
2022-01-10,4670.2900390625
2022-01-11,4713.06982421875
2022-01-12,4726.35009765625
2022-01-13,4659.02978515625
2022-01-14,4662.85009765625
2022-01-15,4641.4150390625
2022-01-16,4619.97998046875
2022-01-17,4598.544921875
2022-01-18,4577.10986328125
2022-01-19,4532.759765625
2022-01-20,4482.72998046875
2022-01-21,4397.93994140625
2022-01-22,4402.003255208333
2022-01-23,4406.066569010417
2022-01-24,4410.1298828125
2022-01-25,4356.4501953125
2022-01-26,4349.93017578125
2022-01-27,4326.509765625
2022-01-28,4431.85009765625
2022-01-29,4459.75
2022-01-30,4487.64990234375
2022-01-31,4515.5498046875
2022-02-01,4546.5400390625
2022-02-02,4589.3798828125
2022-02-03,4477.43994140625
2022-02-04,4500.52978515625
2022-02-05,4494.9765625
2022-02-06,4489.42333984375
2022-02-07,4483.8701171875
2022-02-08,4521.5400390625
2022-02-09,4587.18017578125
2022-02-10,4504.080078125
2022-02-11,4418.64013671875
2022-02-12,4412.9833984375
2022-02-13,4407.32666015625
2022-02-14,4401.669921875
2022-02-15,4471.06982421875
2022-02-16,4475.009765625
2022-02-17,4380.259765625
2022-02-18,4348.8701171875
2022-02-19,4337.842529296875
2022-02-20,4326.81494140625
2022-02-21,4315.787353515625
2022-02-22,4304.759765625
2022-02-23,4225.5
2022-02-24,4288.7001953125
2022-02-25,4384.64990234375
2022-02-26,4381.079915364583
2022-02-27,4377.509928385417
2022-02-28,4373.93994140625
2022-03-01,4306.259765625
2022-03-02,4386.5400390625
2022-03-03,4363.490234375
2022-03-04,4328.8701171875
2022-03-05,4286.276692708333
2022-03-06,4243.683268229167
2022-03-07,4201.08984375
2022-03-08,4170.7001953125
2022-03-09,4277.8798828125
2022-03-10,4259.52001953125
2022-03-11,4204.31005859375
2022-03-12,4193.909993489583
2022-03-13,4183.509928385417
2022-03-14,4173.10986328125
2022-03-15,4262.4501953125
2022-03-16,4357.85986328125
2022-03-17,4411.669921875
2022-03-18,4463.1201171875
2022-03-19,4462.473470052083
2022-03-20,4461.826822916667
2022-03-21,4461.18017578125
2022-03-22,4511.60986328125
2022-03-23,4456.240234375
2022-03-24,4520.16015625
2022-03-25,4543.06005859375
2022-03-26,4553.880045572917
2022-03-27,4564.700032552083
2022-03-28,4575.52001953125
2022-03-29,4631.60009765625
2022-03-30,4602.4501953125
2022-03-31,4530.41015625
2022-04-01,4545.85986328125
2022-04-02,4558.119954427083
2022-04-03,4570.380045572917
2022-04-04,4582.64013671875
2022-04-05,4525.1201171875
2022-04-06,4481.14990234375
2022-04-07,4500.2099609375
2022-04-08,4488.27978515625
2022-04-09,4463.02978515625
2022-04-10,4437.77978515625
2022-04-11,4412.52978515625
2022-04-12,4397.4501953125
2022-04-13,4446.58984375
2022-04-14,4392.58984375
2022-04-15,4392.3648681640625
2022-04-16,4392.139892578125
2022-04-17,4391.9149169921875
2022-04-18,4391.68994140625
2022-04-19,4462.2099609375
2022-04-20,4459.4501953125
2022-04-21,4393.66015625
2022-04-22,4271.77978515625
2022-04-23,4279.893229166667
2022-04-24,4288.006673177083
2022-04-25,4296.1201171875
2022-04-26,4175.2001953125
2022-04-27,4183.9599609375
2022-04-28,4287.5
2022-04-29,4131.93017578125
2022-04-30,4139.746744791667
2022-05-01,4147.563313802083
2022-05-02,4155.3798828125
2022-05-03,4175.47998046875
2022-05-04,4300.169921875
2022-05-05,4146.8701171875
2022-05-06,4123.33984375
2022-05-07,4079.3065592447915
2022-05-08,4035.2732747395835
2022-05-09,3991.239990234375
2022-05-10,4001.050048828125
2022-05-11,3935.179931640625
2022-05-12,3930.080078125
2022-05-13,4023.889892578125
2022-05-14,4018.5965983072915
2022-05-15,4013.3033040364585
2022-05-16,4008.010009765625
2022-05-17,4088.85009765625
2022-05-18,3923.679931640625
2022-05-19,3900.7900390625
2022-05-20,3901.360107421875
2022-05-21,3925.4900716145835
2022-05-22,3949.6200358072915
2022-05-23,3973.75
2022-05-24,3941.47998046875
2022-05-25,3978.72998046875
2022-05-26,4057.840087890625
2022-05-27,4158.240234375
2022-05-28,4151.7176513671875
2022-05-29,4145.195068359375
2022-05-30,4138.6724853515625
2022-05-31,4132.14990234375
2022-06-01,4101.22998046875
2022-06-02,4176.81982421875
2022-06-03,4108.5400390625
2022-06-04,4112.836751302083
2022-06-05,4117.133463541667
2022-06-06,4121.43017578125
2022-06-07,4160.68017578125
2022-06-08,4115.77001953125
2022-06-09,4017.820068359375
2022-06-10,3900.860107421875
2022-06-11,3850.4500325520835
2022-06-12,3800.0399576822915
2022-06-13,3749.6298828125
2022-06-14,3735.47998046875
2022-06-15,3789.989990234375
2022-06-16,3666.77001953125
2022-06-17,3674.840087890625
2022-06-18,3697.3275756835938
2022-06-19,3719.8150634765625
2022-06-20,3742.3025512695312
2022-06-21,3764.7900390625
2022-06-22,3759.889892578125
2022-06-23,3795.72998046875
2022-06-24,3911.739990234375
2022-06-25,3907.8633626302085
2022-06-26,3903.9867350260415
2022-06-27,3900.110107421875
2022-06-28,3821.550048828125
2022-06-29,3818.830078125
2022-06-30,3785.3798828125
2022-07-01,3825.330078125
2022-07-02,3826.8450317382812
2022-07-03,3828.3599853515625
2022-07-04,3829.8749389648438
2022-07-05,3831.389892578125
2022-07-06,3845.080078125
2022-07-07,3902.6201171875
2022-07-08,3899.3798828125
2022-07-09,3884.3965657552085
2022-07-10,3869.4132486979165
2022-07-11,3854.429931640625
2022-07-12,3818.800048828125
2022-07-13,3801.780029296875
2022-07-14,3790.3798828125
2022-07-15,3863.159912109375
2022-07-16,3852.3899739583335
2022-07-17,3841.6200358072915
2022-07-18,3830.85009765625
2022-07-19,3936.68994140625
2022-07-20,3959.89990234375
2022-07-21,3998.949951171875
2022-07-22,3961.6298828125
2022-07-23,3963.3666178385415
2022-07-24,3965.1033528645835
2022-07-25,3966.840087890625
2022-07-26,3921.050048828125
2022-07-27,4023.610107421875
2022-07-28,4072.429931640625
2022-07-29,4130.2900390625
2022-07-30,4126.4033203125
2022-07-31,4122.5166015625
2022-08-01,4118.6298828125
2022-08-02,4091.18994140625
2022-08-03,4155.169921875
2022-08-04,4151.93994140625
2022-08-05,4145.18994140625
2022-08-06,4143.47998046875
2022-08-07,4141.77001953125
2022-08-08,4140.06005859375
2022-08-09,4122.47021484375
2022-08-10,4210.240234375
2022-08-11,4207.27001953125
2022-08-12,4280.14990234375
2022-08-13,4285.813313802083
2022-08-14,4291.476725260417
2022-08-15,4297.14013671875
2022-08-16,4305.2001953125
2022-08-17,4274.0400390625
2022-08-18,4283.740234375
2022-08-19,4228.47998046875
2022-08-20,4198.316731770833
2022-08-21,4168.153483072917
2022-08-22,4137.990234375
2022-08-23,4128.72998046875
2022-08-24,4140.77001953125
2022-08-25,4199.1201171875
2022-08-26,4057.659912109375
2022-08-27,4048.643310546875
2022-08-28,4039.626708984375
2022-08-29,4030.610107421875
2022-08-30,3986.159912109375
2022-08-31,3955.0
2022-09-01,3966.85009765625
2022-09-02,3924.260009765625
2022-09-03,3920.2424926757812
2022-09-04,3916.2249755859375
2022-09-05,3912.2074584960938
2022-09-06,3908.18994140625
2022-09-07,3979.8701171875
2022-09-08,4006.179931640625
2022-09-09,4067.360107421875
2022-09-10,4081.7101236979165
2022-09-11,4096.060139973958
2022-09-12,4110.41015625
2022-09-13,3932.68994140625
2022-09-14,3946.010009765625
2022-09-15,3901.35009765625
2022-09-16,3873.330078125
2022-09-17,3882.183349609375
2022-09-18,3891.03662109375
2022-09-19,3899.889892578125
2022-09-20,3855.929931640625
2022-09-21,3789.929931640625
2022-09-22,3757.989990234375
2022-09-23,3693.22998046875
2022-09-24,3680.5
2022-09-25,3667.77001953125
2022-09-26,3655.0400390625
2022-09-27,3647.2900390625
2022-09-28,3719.0400390625
2022-09-29,3640.469970703125
2022-09-30,3585.6201171875
2022-10-01,3616.5567220052085
2022-10-02,3647.4933268229165
2022-10-03,3678.429931640625
2022-10-04,3790.929931640625
2022-10-05,3783.280029296875
2022-10-06,3744.52001953125
2022-10-07,3639.659912109375
2022-10-08,3630.5699055989585
2022-10-09,3621.4798990885415
2022-10-10,3612.389892578125
2022-10-11,3588.840087890625
2022-10-12,3577.030029296875
2022-10-13,3669.909912109375
2022-10-14,3583.070068359375
2022-10-15,3614.6966959635415
2022-10-16,3646.3233235677085
2022-10-17,3677.949951171875
2022-10-18,3719.97998046875
2022-10-19,3695.159912109375
2022-10-20,3665.780029296875
2022-10-21,3752.75
2022-10-22,3767.6133626302085
2022-10-23,3782.4767252604165
2022-10-24,3797.340087890625
2022-10-25,3859.110107421875
2022-10-26,3830.60009765625
2022-10-27,3807.300048828125
2022-10-28,3901.06005859375
2022-10-29,3891.36669921875
2022-10-30,3881.67333984375
2022-10-31,3871.97998046875
2022-11-01,3856.10009765625
2022-11-02,3759.68994140625
2022-11-03,3719.889892578125
2022-11-04,3770.550048828125
2022-11-05,3782.6333821614585
2022-11-06,3794.7167154947915
2022-11-07,3806.800048828125
2022-11-08,3828.110107421875
2022-11-09,3748.570068359375
2022-11-10,3956.3701171875
2022-11-11,3992.929931640625
2022-11-12,3981.03662109375
2022-11-13,3969.143310546875
2022-11-14,3957.25
2022-11-15,3991.72998046875
2022-11-16,3958.7900390625
2022-11-17,3946.56005859375
2022-11-18,3965.340087890625
2022-11-19,3960.2067057291665
2022-11-20,3955.0733235677085
2022-11-21,3949.93994140625
2022-11-22,4003.580078125
2022-11-23,4027.260009765625
2022-11-24,4026.6900634765625
2022-11-25,4026.1201171875
2022-11-26,4005.3933919270835
2022-11-27,3984.6666666666665
2022-11-28,3963.93994140625
2022-11-29,3957.6298828125
2022-11-30,4080.110107421875
2022-12-01,4076.570068359375
2022-12-02,4071.699951171875
2022-12-03,4047.413330078125
2022-12-04,4023.126708984375
2022-12-05,3998.840087890625
2022-12-06,3941.260009765625
2022-12-07,3933.919921875
2022-12-08,3963.510009765625
2022-12-09,3934.3798828125
2022-12-10,3953.1066080729165
2022-12-11,3971.8333333333335
2022-12-12,3990.56005859375
2022-12-13,4019.64990234375
2022-12-14,3995.320068359375
2022-12-15,3895.75
2022-12-16,3852.360107421875
2022-12-17,3840.7933756510415
2022-12-18,3829.2266438802085
2022-12-19,3817.659912109375
2022-12-20,3821.6201171875
2022-12-21,3878.43994140625
2022-12-22,3822.389892578125
2022-12-23,3844.820068359375
2022-12-24,3840.9275512695312
2022-12-25,3837.0350341796875
2022-12-26,3833.1425170898438
2022-12-27,3829.25
2022-12-28,3783.219970703125
2022-12-29,3849.280029296875
2022-12-30,3839.5
2022-12-31,3835.6599731445312
2023-01-01,3831.8199462890625
2023-01-02,3827.9799194335938
2023-01-03,3824.139892578125
2023-01-04,3852.969970703125
2023-01-05,3808.10009765625
2023-01-06,3895.080078125
2023-01-07,3894.0834147135415
2023-01-08,3893.0867513020835
2023-01-09,3892.090087890625
2023-01-10,3919.25
2023-01-11,3969.610107421875
2023-01-12,3983.169921875
2023-01-13,3999.090087890625
2023-01-14,3997.06005859375
2023-01-15,3995.030029296875
2023-01-16,3993.0
2023-01-17,3990.969970703125
2023-01-18,3928.860107421875
2023-01-19,3898.85009765625
2023-01-20,3972.610107421875
2023-01-21,3988.3434244791665
2023-01-22,4004.0767415364585
2023-01-23,4019.81005859375
2023-01-24,4016.949951171875
2023-01-25,4016.219970703125
2023-01-26,4060.429931640625
2023-01-27,4070.56005859375
2023-01-28,4052.96337890625
2023-01-29,4035.36669921875
2023-01-30,4017.77001953125
2023-01-31,4076.60009765625
2023-02-01,4119.2099609375
2023-02-02,4179.759765625
2023-02-03,4136.47998046875
2023-02-04,4128.013346354167
2023-02-05,4119.546712239583
2023-02-06,4111.080078125
2023-02-07,4164.0
2023-02-08,4117.85986328125
2023-02-09,4081.5
2023-02-10,4090.4599609375
2023-02-11,4106.069986979167
2023-02-12,4121.680013020833
2023-02-13,4137.2900390625
2023-02-14,4136.1298828125
2023-02-15,4147.60009765625
2023-02-16,4090.409912109375
2023-02-17,4079.090087890625
2023-02-18,4058.652587890625
2023-02-19,4038.215087890625
2023-02-20,4017.777587890625
2023-02-21,3997.340087890625
2023-02-22,3991.050048828125
2023-02-23,4012.320068359375
2023-02-24,3970.0400390625
2023-02-25,3974.106689453125
2023-02-26,3978.17333984375
2023-02-27,3982.239990234375
2023-02-28,3970.14990234375
2023-03-01,3951.389892578125
2023-03-02,3981.35009765625
2023-03-03,4045.639892578125
2023-03-04,4046.5665690104165
2023-03-05,4047.4932454427085
2023-03-06,4048.419921875
2023-03-07,3986.3701171875
2023-03-08,3992.010009765625
2023-03-09,3918.320068359375
2023-03-10,3861.590087890625
2023-03-11,3859.646728515625
2023-03-12,3857.703369140625
2023-03-13,3855.760009765625
2023-03-14,3919.2900390625
2023-03-15,3891.929931640625
2023-03-16,3960.280029296875
2023-03-17,3916.639892578125
2023-03-18,3928.2832845052085
2023-03-19,3939.9266764322915
2023-03-20,3951.570068359375
2023-03-21,4002.8701171875
2023-03-22,3936.969970703125
2023-03-23,3948.719970703125
2023-03-24,3970.989990234375
2023-03-25,3973.1700032552085
2023-03-26,3975.3500162760415
2023-03-27,3977.530029296875
2023-03-28,3971.27001953125
2023-03-29,4027.81005859375
2023-03-30,4050.830078125
2023-03-31,4109.31005859375
2023-04-01,4114.376627604167
2023-04-02,4119.443196614583
2023-04-03,4124.509765625
2023-04-04,4100.60009765625
2023-04-05,4090.3798828125
2023-04-06,4105.02001953125
2023-04-07,4106.04248046875
2023-04-08,4107.06494140625
2023-04-09,4108.08740234375
2023-04-10,4109.10986328125
2023-04-11,4108.93994140625
2023-04-12,4091.949951171875
2023-04-13,4146.22021484375
2023-04-14,4137.64013671875
2023-04-15,4142.200032552083
2023-04-16,4146.759928385417
2023-04-17,4151.31982421875
2023-04-18,4154.8701171875
2023-04-19,4154.52001953125
2023-04-20,4129.7900390625
2023-04-21,4133.52001953125
2023-04-22,4134.693359375
2023-04-23,4135.86669921875
2023-04-24,4137.0400390625
2023-04-25,4071.6298828125
2023-04-26,4055.989990234375
2023-04-27,4135.35009765625
2023-04-28,4169.47998046875
2023-04-29,4168.943359375
2023-04-30,4168.40673828125
2023-05-01,4167.8701171875
2023-05-02,4119.580078125
2023-05-03,4090.75
2023-05-04,4061.219970703125
2023-05-05,4136.25
2023-05-06,4136.873372395833
2023-05-07,4137.496744791667
2023-05-08,4138.1201171875
2023-05-09,4119.169921875
2023-05-10,4137.64013671875
2023-05-11,4130.6201171875
2023-05-12,4124.080078125
2023-05-13,4128.146647135417
2023-05-14,4132.213216145833
2023-05-15,4136.27978515625
2023-05-16,4109.89990234375
2023-05-17,4158.77001953125
2023-05-18,4198.0498046875
2023-05-19,4191.97998046875
2023-05-20,4192.196614583333
2023-05-21,4192.413248697917
2023-05-22,4192.6298828125
2023-05-23,4145.580078125
2023-05-24,4115.240234375
2023-05-25,4151.27978515625
2023-05-26,4205.4501953125
2023-05-27,4205.4676513671875
2023-05-28,4205.485107421875
2023-05-29,4205.5025634765625
2023-05-30,4205.52001953125
2023-05-31,4179.830078125
2023-06-01,4221.02001953125
2023-06-02,4282.3701171875
2023-06-03,4279.510091145833
2023-06-04,4276.650065104167
2023-06-05,4273.7900390625
2023-06-06,4283.85009765625
2023-06-07,4267.52001953125
2023-06-08,4293.93017578125
2023-06-09,4298.85986328125
2023-06-10,4312.216634114583
2023-06-11,4325.573404947917
2023-06-12,4338.93017578125
2023-06-13,4369.009765625
2023-06-14,4372.58984375
2023-06-15,4425.83984375
2023-06-16,4409.58984375
2023-06-17,4404.369873046875
2023-06-18,4399.14990234375
2023-06-19,4393.929931640625
2023-06-20,4388.7099609375
2023-06-21,4365.68994140625
2023-06-22,4381.89013671875
2023-06-23,4348.330078125
2023-06-24,4341.82666015625
2023-06-25,4335.3232421875
2023-06-26,4328.81982421875
2023-06-27,4378.41015625
2023-06-28,4376.85986328125
2023-06-29,4396.43994140625
2023-06-30,4450.3798828125
2023-07-01,4452.116536458333
2023-07-02,4453.853190104167
2023-07-03,4455.58984375
2023-07-04,4451.204833984375
2023-07-05,4446.81982421875
2023-07-06,4411.58984375
2023-07-07,4398.9501953125
2023-07-08,4402.476725260417
2023-07-09,4406.003255208333
2023-07-10,4409.52978515625
2023-07-11,4439.259765625
2023-07-12,4472.16015625
2023-07-13,4510.0400390625
2023-07-14,4505.419921875
2023-07-15,4511.2099609375
2023-07-16,4517.0
2023-07-17,4522.7900390625
2023-07-18,4554.97998046875
2023-07-19,4565.72021484375
2023-07-20,4534.8701171875
2023-07-21,4536.33984375
2023-07-22,4542.43994140625
2023-07-23,4548.5400390625
2023-07-24,4554.64013671875
2023-07-25,4567.4599609375
2023-07-26,4566.75
2023-07-27,4537.41015625
2023-07-28,4582.22998046875
2023-07-29,4584.473307291667
2023-07-30,4586.716634114583
2023-07-31,4588.9599609375
2023-08-01,4576.72998046875
2023-08-02,4513.39013671875
2023-08-03,4501.89013671875
2023-08-04,4478.02978515625
2023-08-05,4491.499837239583
2023-08-06,4504.969889322917
2023-08-07,4518.43994140625
2023-08-08,4499.3798828125
2023-08-09,4467.7099609375
2023-08-10,4468.830078125
2023-08-11,4464.0498046875
2023-08-12,4472.606608072917
2023-08-13,4481.163411458333
2023-08-14,4489.72021484375
2023-08-15,4437.85986328125
2023-08-16,4404.330078125
2023-08-17,4370.35986328125
2023-08-18,4369.7099609375
2023-08-19,4379.72998046875
2023-08-20,4389.75
2023-08-21,4399.77001953125
2023-08-22,4387.5498046875
2023-08-23,4436.009765625
2023-08-24,4376.31005859375
2023-08-25,4405.7099609375
2023-08-26,4414.909993489583
2023-08-27,4424.110026041667
2023-08-28,4433.31005859375
2023-08-29,4497.6298828125
2023-08-30,4514.8701171875
2023-08-31,4507.66015625
2023-09-01,4515.77001953125
2023-09-02,4511.0350341796875
2023-09-03,4506.300048828125
2023-09-04,4501.5650634765625
2023-09-05,4496.830078125
2023-09-06,4465.47998046875
2023-09-07,4451.14013671875
2023-09-08,4457.490234375
2023-09-09,4467.480143229167
2023-09-10,4477.470052083333
2023-09-11,4487.4599609375
2023-09-12,4461.89990234375
2023-09-13,4467.43994140625
2023-09-14,4505.10009765625
2023-09-15,4450.31982421875
2023-09-16,4451.389811197917
2023-09-17,4452.459798177083
2023-09-18,4453.52978515625
2023-09-19,4443.9501953125
2023-09-20,4402.2001953125
2023-09-21,4330.0
2023-09-22,4320.06005859375
2023-09-23,4325.853352864583
2023-09-24,4331.646647135417
2023-09-25,4337.43994140625
2023-09-26,4273.52978515625
2023-09-27,4274.509765625
2023-09-28,4299.7001953125
2023-09-29,4288.0498046875
2023-09-30,4288.163248697917
2023-10-01,4288.276692708333
2023-10-02,4288.39013671875
2023-10-03,4229.4501953125
2023-10-04,4263.75
2023-10-05,4258.18994140625
2023-10-06,4308.5
2023-10-07,4317.553385416667
2023-10-08,4326.606770833333
2023-10-09,4335.66015625
2023-10-10,4358.240234375
2023-10-11,4376.9501953125
2023-10-12,4349.60986328125
2023-10-13,4327.77978515625
2023-10-14,4343.063151041667
2023-10-15,4358.346516927083
2023-10-16,4373.6298828125
2023-10-17,4373.2001953125
2023-10-18,4314.60009765625
2023-10-19,4278.0
2023-10-20,4224.16015625
2023-10-21,4221.786783854167
2023-10-22,4219.413411458333
2023-10-23,4217.0400390625
2023-10-24,4247.68017578125
2023-10-25,4186.77001953125
2023-10-26,4137.22998046875
2023-10-27,4117.3701171875
2023-10-28,4133.853352864583
2023-10-29,4150.336588541667
2023-10-30,4166.81982421875
2023-10-31,4193.7998046875
2023-11-01,4237.85986328125
2023-11-02,4317.77978515625
2023-11-03,4358.33984375
2023-11-04,4360.886555989583
2023-11-05,4363.433268229167
2023-11-06,4365.97998046875
2023-11-07,4378.3798828125
2023-11-08,4382.77978515625
2023-11-09,4347.35009765625
2023-11-10,4415.240234375
2023-11-11,4414.010091145833
2023-11-12,4412.779947916667
2023-11-13,4411.5498046875
2023-11-14,4495.7001953125
2023-11-15,4502.8798828125
2023-11-16,4508.240234375
2023-11-17,4514.02001953125
2023-11-18,4525.139973958333
2023-11-19,4536.259928385417
2023-11-20,4547.3798828125
2023-11-21,4538.18994140625
2023-11-22,4556.6201171875
2023-11-23,4557.97998046875
2023-11-24,4559.33984375
2023-11-25,4556.369954427083
2023-11-26,4553.400065104167
2023-11-27,4550.43017578125
2023-11-28,4554.89013671875
2023-11-29,4550.580078125
2023-11-30,4567.7998046875
2023-12-01,4594.6298828125
2023-12-02,4586.346516927083
2023-12-03,4578.063151041667
2023-12-04,4569.77978515625
2023-12-05,4567.18017578125
2023-12-06,4549.33984375
2023-12-07,4585.58984375
2023-12-08,4604.3701171875
2023-12-09,4610.393391927083
2023-12-10,4616.416666666667
2023-12-11,4622.43994140625
2023-12-12,4643.7001953125
2023-12-13,4707.08984375
2023-12-14,4719.5498046875
2023-12-15,4719.18994140625
2023-12-16,4726.313313802083
2023-12-17,4733.436686197917
2023-12-18,4740.56005859375
2023-12-19,4768.3701171875
2023-12-20,4698.35009765625
2023-12-21,4746.75
2023-12-22,4754.6298828125
2023-12-23,4759.659912109375
2023-12-24,4764.68994140625
2023-12-25,4769.719970703125
2023-12-26,4774.75
2023-12-27,4781.580078125
2023-12-28,4783.35009765625
2023-12-29,4769.830078125
2023-12-30,4763.080078125
2023-12-31,4756.330078125
2024-01-01,4749.580078125
2024-01-02,4742.830078125
2024-01-03,4704.81005859375
2024-01-04,4688.68017578125
2024-01-05,4697.240234375
2024-01-06,4719.340169270833
2024-01-07,4741.440104166667
2024-01-08,4763.5400390625
2024-01-09,4756.5
2024-01-10,4783.4501953125
2024-01-11,4780.240234375
2024-01-12,4783.830078125
2024-01-13,4779.3675537109375
2024-01-14,4774.905029296875
2024-01-15,4770.4425048828125
2024-01-16,4765.97998046875
2024-01-17,4739.2099609375
2024-01-18,4780.93994140625
2024-01-19,4839.81005859375
2024-01-20,4843.35009765625
2024-01-21,4846.89013671875
2024-01-22,4850.43017578125
2024-01-23,4864.60009765625
2024-01-24,4868.5498046875
2024-01-25,4894.16015625
2024-01-26,4890.97021484375
2024-01-27,4903.290201822917
2024-01-28,4915.610188802083
2024-01-29,4927.93017578125
2024-01-30,4924.97021484375
2024-01-31,4845.64990234375
2024-02-01,4906.18994140625
2024-02-02,4958.60986328125
2024-02-03,4953.34326171875
2024-02-04,4948.07666015625
2024-02-05,4942.81005859375
2024-02-06,4954.22998046875
2024-02-07,4995.06005859375
2024-02-08,4997.91015625
2024-02-09,5026.60986328125
2024-02-10,5025.019856770833
2024-02-11,5023.429850260417
2024-02-12,5021.83984375
2024-02-13,4953.169921875
2024-02-14,5000.6201171875
2024-02-15,5029.72998046875
2024-02-16,5005.56982421875
2024-02-17,4998.0548095703125
2024-02-18,4990.539794921875
2024-02-19,4983.0247802734375
2024-02-20,4975.509765625
2024-02-21,4981.7998046875
2024-02-22,5087.02978515625
2024-02-23,5088.7998046875
2024-02-24,5082.37646484375
2024-02-25,5075.953125
2024-02-26,5069.52978515625
2024-02-27,5078.18017578125
2024-02-28,5069.759765625
2024-02-29,5096.27001953125
2024-03-01,5137.080078125
2024-03-02,5135.036783854167
2024-03-03,5132.993489583333
2024-03-04,5130.9501953125
2024-03-05,5078.64990234375
2024-03-06,5104.759765625
2024-03-07,5157.35986328125
2024-03-08,5123.68994140625
2024-03-09,5121.773274739583
2024-03-10,5119.856608072917
2024-03-11,5117.93994140625
2024-03-12,5175.27001953125
2024-03-13,5165.31005859375
2024-03-14,5150.47998046875
2024-03-15,5117.08984375
2024-03-16,5127.866536458333
2024-03-17,5138.643229166667
2024-03-18,5149.419921875
2024-03-19,5178.509765625
2024-03-20,5224.6201171875
2024-03-21,5241.52978515625
2024-03-22,5234.18017578125
2024-03-23,5228.85009765625
2024-03-24,5223.52001953125
2024-03-25,5218.18994140625
2024-03-26,5203.580078125
2024-03-27,5248.490234375
2024-03-28,5254.35009765625
2024-03-29,5251.705078125
2024-03-30,5249.06005859375
2024-03-31,5246.4150390625
2024-04-01,5243.77001953125
2024-04-02,5205.81005859375
2024-04-03,5211.490234375
2024-04-04,5147.2099609375
2024-04-05,5204.33984375
2024-04-06,5203.68994140625
2024-04-07,5203.0400390625
2024-04-08,5202.39013671875
2024-04-09,5209.91015625
2024-04-10,5160.64013671875
2024-04-11,5199.06005859375
2024-04-12,5123.41015625
2024-04-13,5102.880045572917
2024-04-14,5082.349934895833
2024-04-15,5061.81982421875
2024-04-16,5051.41015625
2024-04-17,5022.2099609375
2024-04-18,5011.1201171875
2024-04-19,4967.22998046875
2024-04-20,4981.686686197917
2024-04-21,4996.143391927083
2024-04-22,5010.60009765625
2024-04-23,5070.5498046875
2024-04-24,5071.6298828125
2024-04-25,5048.419921875
2024-04-26,5099.9599609375
2024-04-27,5105.36328125
2024-04-28,5110.7666015625
2024-04-29,5116.169921875
2024-04-30,5035.68994140625
2024-05-01,5018.39013671875
2024-05-02,5064.2001953125
2024-05-03,5127.7900390625
2024-05-04,5145.440104166667
2024-05-05,5163.090169270833
2024-05-06,5180.740234375
2024-05-07,5187.7001953125
2024-05-08,5187.669921875
2024-05-09,5214.080078125
2024-05-10,5222.68017578125
2024-05-11,5222.260091145833
2024-05-12,5221.840006510417
2024-05-13,5221.419921875
2024-05-14,5246.68017578125
2024-05-15,5308.14990234375
2024-05-16,5297.10009765625
2024-05-17,5303.27001953125
2024-05-18,5304.889973958333
2024-05-19,5306.509928385417
2024-05-20,5308.1298828125
2024-05-21,5321.41015625
2024-05-22,5307.009765625
2024-05-23,5267.83984375
2024-05-24,5304.72021484375
2024-05-25,5305.0501708984375
2024-05-26,5305.380126953125
2024-05-27,5305.7100830078125
2024-05-28,5306.0400390625
2024-05-29,5266.9501953125
2024-05-30,5235.47998046875
2024-05-31,5277.509765625
2024-06-01,5279.47314453125
2024-06-02,5281.4365234375
2024-06-03,5283.39990234375
2024-06-04,5291.33984375
2024-06-05,5354.02978515625
2024-06-06,5352.9599609375
2024-06-07,5346.990234375
2024-06-08,5351.590169270833
2024-06-09,5356.190104166667
2024-06-10,5360.7900390625
2024-06-11,5375.31982421875
2024-06-12,5421.02978515625
2024-06-13,5433.740234375
2024-06-14,5431.60009765625
2024-06-15,5445.476725260417
2024-06-16,5459.353352864583
2024-06-17,5473.22998046875
2024-06-18,5487.02978515625
2024-06-19,5480.099853515625
2024-06-20,5473.169921875
2024-06-21,5464.6201171875
2024-06-22,5459.036783854167
2024-06-23,5453.453450520833
2024-06-24,5447.8701171875
2024-06-25,5469.2998046875
2024-06-26,5477.89990234375
2024-06-27,5482.8701171875
2024-06-28,5460.47998046875
2024-06-29,5465.349934895833
2024-06-30,5470.219889322917
2024-07-01,5475.08984375
2024-07-02,5509.009765625
2024-07-03,5537.02001953125
2024-07-04,5552.10498046875
2024-07-05,5567.18994140625
2024-07-06,5569.07666015625
2024-07-07,5570.96337890625
2024-07-08,5572.85009765625
2024-07-09,5576.97998046875
2024-07-10,5633.91015625
2024-07-11,5584.5400390625
2024-07-12,5615.35009765625
2024-07-13,5620.64013671875
2024-07-14,5625.93017578125
2024-07-15,5631.22021484375
2024-07-16,5667.2001953125
2024-07-17,5588.27001953125
2024-07-18,5544.58984375
2024-07-19,5505.0
2024-07-20,5524.803385416667
2024-07-21,5544.606770833333
2024-07-22,5564.41015625
2024-07-23,5555.740234375
2024-07-24,5427.1298828125
2024-07-25,5399.22021484375
2024-07-26,5459.10009765625
2024-07-27,5460.580078125
2024-07-28,5462.06005859375
2024-07-29,5463.5400390625
2024-07-30,5436.43994140625
2024-07-31,5522.2998046875
2024-08-01,5446.68017578125
2024-08-02,5346.56005859375
2024-08-03,5293.150065104167
2024-08-04,5239.740071614583
2024-08-05,5186.330078125
2024-08-06,5240.02978515625
2024-08-07,5199.5
2024-08-08,5319.31005859375
2024-08-09,5344.16015625
2024-08-10,5344.23681640625
2024-08-11,5344.3134765625
2024-08-12,5344.39013671875
2024-08-13,5434.43017578125
2024-08-14,5455.2099609375
2024-08-15,5543.22021484375
2024-08-16,5554.25
2024-08-17,5572.25
2024-08-18,5590.25
2024-08-19,5608.25
2024-08-20,5597.1201171875
2024-08-21,5620.85009765625
2024-08-22,5570.64013671875
2024-08-23,5634.60986328125
2024-08-24,5628.6865234375
2024-08-25,5622.76318359375
2024-08-26,5616.83984375
2024-08-27,5625.7998046875
2024-08-28,5592.18017578125
2024-08-29,5591.9599609375
2024-08-30,5648.39990234375
2024-08-31,5618.532470703125
2024-09-01,5588.6650390625
2024-09-02,5558.797607421875
2024-09-03,5528.93017578125
2024-09-04,5520.06982421875
2024-09-05,5503.41015625
2024-09-06,5408.419921875
2024-09-07,5429.296549479167
2024-09-08,5450.173177083333
2024-09-09,5471.0498046875
2024-09-10,5495.52001953125
2024-09-11,5554.1298828125
2024-09-12,5595.759765625
2024-09-13,5626.02001953125
2024-09-14,5628.376627604167
2024-09-15,5630.733235677083
2024-09-16,5633.08984375
2024-09-17,5634.580078125
2024-09-18,5618.259765625
2024-09-19,5713.64013671875
2024-09-20,5702.5498046875
2024-09-21,5707.889811197917
2024-09-22,5713.229817708333
2024-09-23,5718.56982421875
2024-09-24,5732.93017578125
2024-09-25,5722.259765625
2024-09-26,5745.3701171875
2024-09-27,5738.169921875
2024-09-28,5746.273274739583
2024-09-29,5754.376627604167
2024-09-30,5762.47998046875
2024-10-01,5708.75
2024-10-02,5709.5400390625
2024-10-03,5699.93994140625
2024-10-04,5751.06982421875
2024-10-05,5732.693196614583
2024-10-06,5714.316569010417
2024-10-07,5695.93994140625
2024-10-08,5751.1298828125
2024-10-09,5792.0400390625
2024-10-10,5780.0498046875
2024-10-11,5815.02978515625
2024-10-12,5829.969889322917
2024-10-13,5844.909993489583
2024-10-14,5859.85009765625
2024-10-15,5815.259765625
2024-10-16,5842.47021484375
2024-10-17,5841.47021484375
2024-10-18,5864.669921875
2024-10-19,5861.106608072917
2024-10-20,5857.543294270833
2024-10-21,5853.97998046875
2024-10-22,5851.2001953125
2024-10-23,5797.419921875
2024-10-24,5809.85986328125
2024-10-25,5808.1201171875
2024-10-26,5813.25341796875
2024-10-27,5818.38671875
2024-10-28,5823.52001953125
2024-10-29,5832.919921875
2024-10-30,5813.669921875
2024-10-31,5705.4501953125
2024-11-01,5728.7998046875
2024-11-02,5723.429850260417
2024-11-03,5718.059895833333
2024-11-04,5712.68994140625
2024-11-05,5782.759765625
2024-11-06,5929.0400390625
2024-11-07,5973.10009765625
2024-11-08,5995.5400390625
2024-11-09,5997.476725260417
2024-11-10,5999.413411458333
2024-11-11,6001.35009765625
2024-11-12,5983.990234375
2024-11-13,5985.3798828125
2024-11-14,5949.169921875
2024-11-15,5870.6201171875
2024-11-16,5878.286783854167
2024-11-17,5885.953450520833
2024-11-18,5893.6201171875
2024-11-19,5916.97998046875
2024-11-20,5917.10986328125
2024-11-21,5948.7099609375
2024-11-22,5969.33984375
2024-11-23,5975.349934895833
2024-11-24,5981.360026041667
2024-11-25,5987.3701171875
2024-11-26,6021.6298828125
2024-11-27,5998.740234375
2024-11-28,6015.56005859375
2024-11-29,6032.3798828125
2024-11-30,6037.30322265625
2024-12-01,6042.2265625
2024-12-02,6047.14990234375
2024-12-03,6049.8798828125
2024-12-04,6086.490234375
2024-12-05,6075.10986328125
2024-12-06,6090.27001953125
2024-12-07,6077.796712239583
2024-12-08,6065.323404947917
2024-12-09,6052.85009765625
2024-12-10,6034.91015625
2024-12-11,6084.18994140625
2024-12-12,6051.25
2024-12-13,6051.08984375
2024-12-14,6058.753255208333
2024-12-15,6066.416666666667
2024-12-16,6074.080078125
2024-12-17,6050.60986328125
2024-12-18,5872.16015625
2024-12-19,5867.080078125
2024-12-20,5930.85009765625
2024-12-21,5945.256673177083
2024-12-22,5959.663248697917
2024-12-23,5974.06982421875
2024-12-24,6040.0400390625
2024-12-25,6038.81494140625
2024-12-26,6037.58984375
2024-12-27,5970.83984375
2024-12-28,5949.539876302083
2024-12-29,5928.239908854167
2024-12-30,5906.93994140625
2024-12-31,5881.6298828125
2025-01-01,5875.08984375
2025-01-02,5868.5498046875
2025-01-03,5942.47021484375
2025-01-04,5953.440104166667
2025-01-05,5964.409993489583
2025-01-06,5975.3798828125
2025-01-07,5909.02978515625
2025-01-08,5918.25
2025-01-09,5872.64501953125
2025-01-10,5827.0400390625
2025-01-11,5830.10009765625
2025-01-12,5833.16015625
2025-01-13,5836.22021484375
2025-01-14,5842.91015625
2025-01-15,5949.91015625
2025-01-16,5937.33984375
2025-01-17,5996.66015625
2025-01-18,6009.80517578125
2025-01-19,6022.9501953125
2025-01-20,6036.09521484375
2025-01-21,6049.240234375
2025-01-22,6086.3701171875
2025-01-23,6118.7099609375
2025-01-24,6101.240234375
2025-01-25,6071.586751302083
2025-01-26,6041.933268229167
2025-01-27,6012.27978515625
2025-01-28,6067.7001953125
2025-01-29,6039.31005859375
2025-01-30,6071.169921875
2025-01-31,6040.52978515625
2025-02-01,6025.209798177083
2025-02-02,6009.889811197917
2025-02-03,5994.56982421875
2025-02-04,6037.8798828125
2025-02-05,6061.47998046875
2025-02-06,6083.56982421875
2025-02-07,6025.990234375
2025-02-08,6039.473470052083
2025-02-09,6052.956705729167
2025-02-10,6066.43994140625
2025-02-11,6068.5
2025-02-12,6051.97021484375
2025-02-13,6115.06982421875
2025-02-14,6114.6298828125
2025-02-15,6118.367431640625
2025-02-16,6122.10498046875
2025-02-17,6125.842529296875
2025-02-18,6129.580078125
2025-02-19,6144.14990234375
2025-02-20,6117.52001953125
2025-02-21,6013.1298828125
2025-02-22,6003.169921875
2025-02-23,5993.2099609375
2025-02-24,5983.25
2025-02-25,5955.25
2025-02-26,5956.06005859375
2025-02-27,5861.56982421875
2025-02-28,5954.5
2025-03-01,5919.573404947917
2025-03-02,5884.646809895833
2025-03-03,5849.72021484375
2025-03-04,5778.14990234375
2025-03-05,5842.6298828125
2025-03-06,5738.52001953125
2025-03-07,5770.2001953125
2025-03-08,5718.320149739583
2025-03-09,5666.440104166667
2025-03-10,5614.56005859375
2025-03-11,5572.06982421875
2025-03-12,5599.2998046875
2025-03-13,5521.52001953125
2025-03-14,5638.93994140625
2025-03-15,5651.0
2025-03-16,5663.06005859375
2025-03-17,5675.1201171875
2025-03-18,5614.66015625
2025-03-19,5675.2900390625
2025-03-20,5662.89013671875
2025-03-21,5667.56005859375
2025-03-22,5700.896647135417
2025-03-23,5734.233235677083
2025-03-24,5767.56982421875
2025-03-25,5776.64990234375
2025-03-26,5712.2001953125
2025-03-27,5693.31005859375
2025-03-28,5580.93994140625
2025-03-29,5591.243326822917
2025-03-30,5601.546712239583
2025-03-31,5611.85009765625
2025-04-01,5633.06982421875
2025-04-02,5670.97021484375
2025-04-03,5396.52001953125
2025-04-04,5074.080078125
2025-04-05,5070.13671875
2025-04-06,5066.193359375
2025-04-07,5062.25
2025-04-08,4982.77001953125
2025-04-09,5456.89990234375
2025-04-10,5268.0498046875
2025-04-11,5363.35986328125
2025-04-12,5377.563313802083
2025-04-13,5391.766764322917
2025-04-14,5405.97021484375
2025-04-15,5396.6298828125
2025-04-16,5275.7001953125
2025-04-17,5282.7001953125
2025-04-18,5251.5751953125
2025-04-19,5220.4501953125
2025-04-20,5189.3251953125
2025-04-21,5158.2001953125
2025-04-22,5287.759765625
2025-04-23,5375.85986328125
2025-04-24,5484.77001953125
2025-04-25,5525.2099609375
2025-04-26,5526.389973958333
2025-04-27,5527.569986979167
2025-04-28,5528.75
2025-04-29,5560.830078125
2025-04-30,5569.06005859375
2025-05-01,5604.14013671875
2025-05-02,5686.669921875
2025-05-03,5674.5732421875
2025-05-04,5662.4765625
2025-05-05,5650.3798828125
2025-05-06,5606.91015625
2025-05-07,5631.27978515625
2025-05-08,5663.93994140625
2025-05-09,5659.91015625
2025-05-10,5721.336751302083
2025-05-11,5782.763346354167
2025-05-12,5844.18994140625
2025-05-13,5886.5498046875
2025-05-14,5892.580078125
2025-05-15,5916.93017578125
2025-05-16,5958.3798828125
2025-05-17,5960.119954427083
2025-05-18,5961.860026041667
2025-05-19,5963.60009765625
2025-05-20,5940.4599609375
2025-05-21,5844.60986328125
2025-05-22,5842.009765625
2025-05-23,5802.81982421875
2025-05-24,5832.4998779296875
2025-05-25,5862.179931640625
2025-05-26,5891.8599853515625
2025-05-27,5921.5400390625
2025-05-28,5888.5498046875
2025-05-29,5912.169921875
2025-05-30,5911.68994140625
2025-05-31,5919.773274739583
2025-06-01,5927.856608072917
2025-06-02,5935.93994140625
2025-06-03,5970.3701171875
2025-06-04,5970.81005859375
2025-06-05,5939.2998046875
2025-06-06,6000.35986328125
2025-06-07,6002.199869791667
2025-06-08,6004.039876302083
2025-06-09,6005.8798828125
2025-06-10,6038.81005859375
2025-06-11,6022.240234375
2025-06-12,6045.259765625
2025-06-13,5976.97021484375
2025-06-14,5995.683430989583
2025-06-15,6014.396647135417
2025-06-16,6033.10986328125
2025-06-17,5982.72021484375
2025-06-18,5980.8701171875
2025-06-19,5974.35498046875
2025-06-20,5967.83984375
2025-06-21,5986.949869791667
2025-06-22,6006.059895833333
2025-06-23,6025.169921875
2025-06-24,6092.18017578125
2025-06-25,6092.16015625
2025-06-26,6141.02001953125
2025-06-27,6173.06982421875
2025-06-28,6183.696614583333
2025-06-29,6194.323404947917
2025-06-30,6204.9501953125
2025-07-01,6198.009765625
2025-07-02,6227.419921875
2025-07-03,6279.35009765625
2025-07-04,6267.007568359375
2025-07-05,6254.6650390625
2025-07-06,6242.322509765625
2025-07-07,6229.97998046875
2025-07-08,6225.52001953125
2025-07-09,6263.259765625
2025-07-10,6280.4599609375
2025-07-11,6259.75
2025-07-12,6262.686686197917
2025-07-13,6265.623372395833
2025-07-14,6268.56005859375
2025-07-15,6243.759765625
2025-07-16,6263.7001953125
2025-07-17,6297.35986328125
2025-07-18,6296.7900390625
2025-07-19,6299.726725260417
2025-07-20,6302.663411458333
2025-07-21,6305.60009765625
2025-07-22,6309.6201171875
2025-07-23,6358.91015625
2025-07-24,6363.35009765625
2025-07-25,6388.64013671875
2025-07-26,6389.016764322917
2025-07-27,6389.393391927083
2025-07-28,6389.77001953125
2025-07-29,6370.85986328125
2025-07-30,6362.89990234375
2025-07-31,6339.39013671875
2025-08-01,6238.009765625
2025-08-02,6268.653157552083
2025-08-03,6299.296549479167
2025-08-04,6329.93994140625
2025-08-05,6299.18994140625
2025-08-06,6345.06005859375
2025-08-07,6340.0
2025-08-08,6389.4501953125
2025-08-09,6384.116861979167
2025-08-10,6378.783528645833
2025-08-11,6373.4501953125
2025-08-12,6445.759765625
2025-08-13,6466.580078125
2025-08-14,6468.5400390625
2025-08-15,6449.7998046875
2025-08-16,6449.583170572917
2025-08-17,6449.366536458333
2025-08-18,6449.14990234375
2025-08-19,6411.3701171875
2025-08-20,6395.77978515625
2025-08-21,6370.169921875
2025-08-22,6466.91015625
2025-08-23,6457.71337890625
2025-08-24,6448.5166015625
2025-08-25,6439.31982421875
2025-08-26,6465.93994140625
2025-08-27,6481.39990234375
2025-08-28,6501.85986328125
2025-08-29,6460.259765625
2025-08-30,6449.079833984375
2025-08-31,6437.89990234375
2025-09-01,6426.719970703125
2025-09-02,6415.5400390625
2025-09-03,6448.259765625
2025-09-04,6502.080078125
2025-09-05,6481.5
2025-09-06,6486.049967447917
2025-09-07,6490.599934895833
2025-09-08,6495.14990234375
2025-09-09,6512.60986328125
2025-09-10,6532.0400390625
2025-09-11,6587.47021484375
2025-09-12,6584.2900390625
2025-09-13,6594.619954427083
2025-09-14,6604.949869791667
2025-09-15,6615.27978515625
2025-09-16,6606.759765625
2025-09-17,6600.35009765625
2025-09-18,6631.9599609375
2025-09-19,6664.35986328125
2025-09-20,6674.156575520833
2025-09-21,6683.953287760417
2025-09-22,6693.75
2025-09-23,6656.919921875
2025-09-24,6637.97021484375
2025-09-25,6604.72021484375
2025-09-26,6643.7001953125
2025-09-27,6649.536783854167
2025-09-28,6655.373372395833
2025-09-29,6661.2099609375
2025-09-30,6688.4599609375
2025-10-01,6711.2001953125
2025-10-02,6715.35009765625
2025-10-03,6715.7900390625
2025-10-04,6723.953287760417
2025-10-05,6732.116536458333
2025-10-06,6740.27978515625
2025-10-07,6714.58984375
2025-10-08,6753.72021484375
2025-10-09,6735.10986328125
2025-10-10,6552.509765625
2025-10-11,6586.579915364583
2025-10-12,6620.650065104167
2025-10-13,6654.72021484375
2025-10-14,6644.31005859375
2025-10-15,6671.06005859375
2025-10-16,6629.06982421875
2025-10-17,6664.009765625
2025-10-18,6687.716471354167
2025-10-19,6711.423177083333
2025-10-20,6735.1298828125
2025-10-21,6735.35009765625
2025-10-22,6699.39990234375
2025-10-23,6738.43994140625
2025-10-24,6791.68994140625
2025-10-25,6819.513346354167
2025-10-26,6847.336751302083
2025-10-27,6875.16015625
2025-10-28,6890.89013671875
2025-10-29,6890.58984375
2025-10-30,6822.33984375
2025-10-31,6840.2001953125
2025-11-01,6844.12353515625
2025-11-02,6848.046875
2025-11-03,6851.97021484375
2025-11-04,6771.5498046875
2025-11-05,6796.2900390625
2025-11-06,6720.31982421875
2025-11-07,6728.7998046875
2025-11-08,6763.34326171875
2025-11-09,6797.88671875
2025-11-10,6832.43017578125
2025-11-11,6846.60986328125
2025-11-12,6850.919921875
2025-11-13,6737.490234375
2025-11-14,6734.10986328125
2025-11-15,6713.543294270833
2025-11-16,6692.976725260417
2025-11-17,6672.41015625
2025-11-18,6617.31982421875
2025-11-19,6642.16015625
2025-11-20,6538.759765625
2025-11-21,6602.990234375
2025-11-22,6637.033528645833
2025-11-23,6671.076822916667
2025-11-24,6705.1201171875
2025-11-25,6765.8798828125
2025-11-26,6812.60986328125
