actual,transformer_pred,arima_pred,prophet_pred
0.8035958191033963,0.82076603,0.3600592717814165,-0.08546662758285666
0.6722017691567335,0.8192003,0.3327086666215625,-0.08668014295523895
0.7503564240575387,0.8134342,0.327407300603923,-0.08531131576518342
0.7530689175135201,0.80894625,0.32081381077553,-0.08285922582482065
0.7939903560291933,0.80557406,0.3280014213515693,-0.08156535461427747
0.7672969110695793,0.8054499,0.3274494560313236,-0.08225756099942227
0.7086811745713522,0.8016997,0.3143651208495253,-0.0837353006504395
0.7221718172892337,0.7962298,0.3090476804962097,-0.0842148708596873
0.765410380226836,0.7890115,0.31467169551515367,-0.08328014377875918
0.7516038795517289,0.7882126,0.31592564265747314,-0.08232113939869498
0.7290984726178742,0.78542715,0.3087253353211342,-0.0830285406272781
0.7299136585824801,0.78484684,0.3025722350199847,-0.08552048191607176
0.7727919084928802,0.7812524,0.3106119211470256,-0.08806678372731279
0.7223626664532202,0.7802464,0.3067424034211109,-0.088748455626788
0.7360317228525346,0.7747276,0.30462392147519857,-0.08739532999578553
0.8210160708618193,0.7729848,0.32208846144702735,-0.0858140943330531
0.6776659157143815,0.7751974,0.3067975704251954,-0.08601394926410164
0.6577981011100612,0.7712707,0.28688944863905574,-0.08816897010096576
0.7574384567170104,0.7685061,0.28978544599411826,-0.09037207009850577
0.69717961193829,0.7658055,0.28308528214200246,-0.09048435076672891
0.7080118024404578,0.76466733,0.2767568000222658,-0.08828929105624085
0.6866989718157616,0.7615958,0.26205020831844417,-0.08581530379473822
0.7037677715016577,0.760338,0.2599111343905686,-0.08546270667202961
0.7729799423265904,0.7575211,0.27568557892012086,-0.0877263511116969
0.7385922148193489,0.7546137,0.28072303531603515,-0.0907150934920284
0.7376019440639382,0.7524017,0.2855473022263509,-0.09192484080649976
0.6453495676493598,0.75174254,0.2678537014620382,-0.0905402537141487
0.6523170142412031,0.7469654,0.2555413164081154,-0.08806269724294219
0.583065763377758,0.7424345,0.22621825366739362,-0.08673594061579576
0.6588443200822951,0.7344629,0.21556871316388587,-0.0873900941344729
0.7243188405299228,0.7317779,0.21964655821103768,-0.08882679082006778
0.7037106435656878,0.72902495,0.22125562324311523,-0.08926439503684516
0.671430035440369,0.73022276,0.2174070994550354,-0.08828870162136043
0.6757165050894021,0.72747177,0.21817552897728762,-0.08729147731543672
0.6462051537644034,0.7248708,0.21664523613281744,-0.08796494729365517
0.6775516133221846,0.7198817,0.22073066416750198,-0.09042855863383666
0.6959074443522679,0.7166964,0.22458052185185126,-0.09295319336845721
0.5994257361386216,0.7160531,0.2050888310252092,-0.09362065420097851
0.6705939700327455,0.71191376,0.20386112855845664,-0.0922612851187414
0.691698230524747,0.70847374,0.208769325864328,-0.09068199505974357
0.6355218922341486,0.706351,0.20310476986560058,-0.09089191186804313
0.6754416120290249,0.7029031,0.20390949074514103,-0.09306474444293844
0.754291335324712,0.7008504,0.22406518490939636,-0.09529275122066352
0.6367584503542876,0.7002213,0.21911738054158025,-0.09543610028190488
0.6525176357525353,0.69730246,0.21527614777756438,-0.09327707276942807
0.6047048834151421,0.6944606,0.1986997122714088,-0.0908426378056967
0.6368892905275148,0.6871713,0.19517076640879155,-0.09053144595242632
0.6440791973333134,0.6857674,0.18972752647552363,-0.09283648425188964
0.6300142446862371,0.6853052,0.17972850443677546,-0.09586457695024807
0.5789064128941692,0.6809431,0.16031659099198653,-0.09710946359301427
0.6230106539357139,0.67680377,0.15516562295143496,-0.09575353700077704
0.6682655111612721,0.6739698,0.16404344237902552,-0.09329583090344165
0.6249655827198619,0.6734328,0.16272373367092127,-0.09197775819969607
0.6412300699751232,0.67062753,0.16371719897189915,-0.0926270872393348
0.5906744586892549,0.66630507,0.15380504391159405,-0.09404316328539519
0.6253959258638008,0.6613623,0.15632313954784086,-0.0944421568226054
0.6032397047902911,0.65819734,0.1513480476244822,-0.09340780168040148
0.5514396780545037,0.6569192,0.13358131049656052,-0.09232997421605918
0.5971573234022904,0.65384835,0.12710767278218,-0.09289921581131629
0.5422177442025892,0.6543817,0.10950973761527262,-0.0952335300154601
0.5523903662170072,0.6509132,0.098031313985803,-0.09760262648123533
0.5806355653518285,0.64577144,0.09269599499057472,-0.09808743432261068
0.5810045065087666,0.6421483,0.09107180464590588,-0.09651774671015466
0.5191590895734689,0.6393517,0.07647018507199999,-0.09470026449092488
0.6028273242251356,0.6344678,0.08274548887589137,-0.0946442657473959
0.5801618407786036,0.6330955,0.085823324015087,-0.09652397893696114
0.5264822651569692,0.63009685,0.07744512272040804,-0.09843255754381543
0.4901162140481042,0.62492096,0.05790564197935956,-0.09823144139252481
0.5405782624514788,0.62144667,0.053657867828094584,-0.09570455622727196
0.5249528854310054,0.61738425,0.04820610414883345,-0.09288087973090954
0.542882644717748,0.6123652,0.0451304830226886,-0.09216142107708139
0.520413406896163,0.60937434,0.03609134396216428,-0.09404185717058754
0.45236643163348444,0.60444266,0.015712435139130787,-0.09663200985684975
0.511645321124611,0.5948234,0.01293084211335923,-0.0974288960339661
0.510977488303948,0.5906807,0.010485634114656384,-0.09561843347551092
0.5437274087646202,0.586073,0.016824107704216912,-0.09270339250459578
0.4878636224466943,0.5840507,0.00724913637229898,-0.09092909489153082
0.5767007486473097,0.5791467,0.021906969657427403,-0.09112734783506556
0.43271781399891096,0.57680994,0.0038532656350044187,-0.09210162067707515
0.5545591438986988,0.5699678,0.01649652747249203,-0.09207224655541318
0.49074812839595533,0.56906706,0.009927768455671237,-0.0906271125232464
0.5291370937628171,0.56452656,0.015410621657837624,-0.08916018996526978
0.4948121337620176,0.559813,0.008751545762203279,-0.08936600816339826
0.5322607528031355,0.55514634,0.012954123583727935,-0.091366402949461
0.4687878600874258,0.551357,0.003662681657075159,-0.09343471319785006
0.4371411056851433,0.54700536,-0.013300782004632264,-0.09365524838249131
0.5315351256577255,0.54039204,-0.00702368790017259,-0.09186088959919572
0.467793422149412,0.537765,-0.015159713347999426,-0.08986109239297449
0.47697771181275284,0.5346821,-0.02037113744365038,-0.08966751883978882
0.5126247344754172,0.5302296,-0.018967504506224028,-0.09145637701023791
0.42030516278740815,0.5291191,-0.034186136023732966,-0.09332236620063912
0.4799263407767625,0.52428186,-0.03361170969366226,-0.09312801347539987
0.4298051214126257,0.52068454,-0.04734318574356413,-0.09065785347564169
0.4437974855659,0.515187,-0.05350732797804643,-0.08794097995067823
0.44791326473709575,0.51238745,-0.06053143665745079,-0.08737801633242791
0.3827043913558387,0.5065494,-0.08088015453597917,-0.08946374866635372
0.407001250333065,0.49967408,-0.09204364431818918,-0.09230660527112092
0.48626049798118615,0.49556178,-0.08342950977248238,-0.0934017150825373
0.4642868412193959,0.49537706,-0.07773379111298966,-0.09193262744095014
0.42343849491253427,0.49275672,-0.08303959616210187,-0.08939928334717046
0.43154781640473605,0.4894179,-0.08604554194158542,-0.08804373937196067
0.4067692450244012,0.48571718,-0.09036005832609263,-0.08869413182748567
0.46737489595852183,0.4818327,-0.0801962054655218,-0.09014988853521354
0.4028335588851275,0.48232067,-0.09002782913434486,-0.090626970019288
0.4159105184617595,0.47849303,-0.0959657442909635,-0.08970860322166942
0.4478028313714841,0.47505865,-0.09380841760907502,-0.08878385908880732
0.3689921394803734,0.4715278,-0.10758583320673497,-0.08954217635522224
0.45638532672625765,0.46739763,-0.10021379364281524,-0.09210016289635413
0.3321083466099517,0.4630723,-0.12419734559178527,-0.09472584680624617
0.45167084267306584,0.4595074,-0.11469886548413034,-0.09549819980388509
0.36982488657413287,0.45633808,-0.12760937951603665,-0.09424479472673958
0.37118562024249324,0.45260382,-0.1361170781680988,-0.09276986480750775
0.30321491416273794,0.4478805,-0.1618283973963629,-0.09307999152745271
0.3555264421505964,0.44200003,-0.17077331959607878,-0.09534649853398662
0.3290286226397018,0.43634963,-0.1834657551491554,-0.09765944937301035
0.34223071558164664,0.43183815,-0.19276418604484702,-0.09787703397564303
0.35693599223256356,0.4287304,-0.19751356897284408,-0.09577979526797815
0.39603162361523003,0.42315057,-0.1891697971320414,-0.09339322382160406
0.36314478714800014,0.42068225,-0.18652654854980108,-0.0931147673601355
0.363447046292094,0.41698298,-0.1840014832975219,-0.09543649798042003
0.30511206432495536,0.4121778,-0.19508970102779888,-0.09846462106544925
0.309919906834877,0.4083982,-0.203419538592186,-0.09969255749906178
0.4109083055374596,0.40283537,-0.18907290264953258,-0.09830268166931132
0.30850377103291826,0.40220478,-0.20087166025167708,-0.09579430506891079
0.3982855076210177,0.39774817,-0.1912405183633122,-0.09440940654125299
0.3206766347519958,0.39608434,-0.20111581543550894,-0.09497659670375279
0.326760713672274,0.39395815,-0.20282630518188172,-0.09629632388682836
0.36496246379953207,0.3912223,-0.19826745717381256,-0.09658610348767871
0.36937240156672796,0.38724616,-0.19317332158234668,-0.09543123397677782
0.3119893732814163,0.38401622,-0.2019748619851583,-0.09422335111876463
0.29774904265626556,0.38024986,-0.21568514160401875,-0.09465492300982559
0.30731820762875545,0.37589687,-0.22356073300371537,-0.09684601764458355
0.3193084144388926,0.37266487,-0.2264764640956537,-0.09906851556658341
0.33754022257863225,0.36794764,-0.2267869440250784,-0.09940559065886347
0.2995918235525036,0.36598292,-0.23651608674591454,-0.09768932133500721
0.3202561542957507,0.36206853,-0.23817026834443566,-0.09572870036893237
0.3567357561435681,0.35791942,-0.22925181265513203,-0.09553527073650774
0.3044142549602587,0.35745743,-0.23199930006365016,-0.09728546556414538
0.2984421256165524,0.35255033,-0.2374016577856393,-0.09907455056371407
0.22378713712984188,0.3514377,-0.26083712571031814,-0.09876595453472094
0.177197094185568,0.34373352,-0.29113473905159926,-0.09614543995266805
0.29180389975279886,0.3374192,-0.2933651069900886,-0.09324364220518162
0.26978540201856593,0.3349014,-0.30048351296157,-0.09246302492816452
0.250257335177835,0.33387816,-0.31030194697057567,-0.09430049492166925
0.27672464888182446,0.33031315,-0.31324667434853787,-0.09686686121214594
0.26177032862605054,0.32836467,-0.3124315422083742,-0.09765987043760656
0.3050572270376668,0.32530758,-0.29835086517438963,-0.09586590156150411
0.26136710882430414,0.32332522,-0.2990678727286565,-0.09298791020675526
0.2258417328127889,0.3185562,-0.308099097523143,-0.0912711240805856
0.29061857412529013,0.31356478,-0.30189944452302814,-0.09154697740027935
0.24054066235587462,0.31108162,-0.30736335652780167,-0.09261829196471527
0.26660812174991544,0.30874285,-0.30676909562985105,-0.0927044870230222
0.22451534325633205,0.3070888,-0.3190373071755536,-0.09139228136099165
0.21489205639948877,0.30017167,-0.3293854550784872,-0.09007423927947672
0.24066011464496412,0.29675037,-0.3324912407017474,-0.09044326311459795
0.2350333522010734,0.29074943,-0.33665697694095226,-0.09261936398575688
0.2504375488808297,0.28770128,-0.3363046169110778,-0.09487388323649364
0.2184453733747984,0.28501365,-0.34387144739479747,-0.09528898745913987
0.15451663665573612,0.27982813,-0.36356288306870455,-0.093695299143989
0.2065455193953601,0.27194798,-0.3686217303016316,-0.09189993089878894
0.2516966907957728,0.268054,-0.3621537203101893,-0.09191215026920979
0.20644401391049005,0.2663057,-0.36644813133503895,-0.0939057528551988
0.20578406940573613,0.26267603,-0.3725898883171599,-0.09597304165513328
0.2512613982951624,0.25847638,-0.3654235861910535,-0.09597419772976384
0.18240592562530716,0.25499368,-0.37058966058530207,-0.09369149367718571
0.1474273892874357,0.25043184,-0.38531497733036735,-0.09115187792616279
0.19882214798498088,0.2435736,-0.38941628424177915,-0.09075397672141207
0.1836955689393749,0.23782071,-0.39416646437466385,-0.0929907566880202
0.16241376537838137,0.23360272,-0.40402836006500203,-0.095969031940446
0.19082802108109703,0.2288524,-0.408622428090646,-0.09718254731281484
0.21443540142768253,0.22762637,-0.4034797567354951,-0.0958137201227421
0.19251476900714265,0.22891304,-0.4013886630081601,-0.09336163018239205
0.2025041876744425,0.2251584,-0.3984601182061937,-0.09206775897183211
0.2589607063721019,0.22300671,-0.3819453485213672,-0.09275996535701488
0.17254222148034282,0.22335374,-0.38567651104208617,-0.09423770500801755
0.19452452091015038,0.21975105,-0.3855752663288013,-0.09471727521726755
0.16157263636400204,0.21733898,-0.395361276258213,-0.0937825481363398
0.14622659230890162,0.21228585,-0.40581464380856397,-0.09282354375627622
0.15426819146420245,0.20842588,-0.4162709334589167,-0.09353094498485091
0.1562830047834316,0.2058901,-0.42623205245069096,-0.09602288627364773
0.18689408910217037,0.20127396,-0.42610293300192537,-0.0985691880847859
0.26246053310920603,0.19927318,-0.4074293021583007,-0.09925085998434803
0.1408424168193348,0.19920953,-0.41671908267622193,-0.0978977343533476
0.15053043280272305,0.19635525,-0.4218828865056602,-0.0963164986906295
0.162362260972009,0.19430934,-0.42410525280140915,-0.0965163536216914
0.17834102876415664,0.19154786,-0.4196001665058762,-0.09867137445852674
0.17128839905238907,0.18954618,-0.4214855710678507,-0.10087447445608637
0.20924800751758665,0.18711288,-0.41707910706867407,-0.1009867551243849
0.06265335258849652,0.18675493,-0.4444251093660945,-0.09879169541379351
0.062403456592585005,0.18411382,-0.46794897100639654,-0.09631770815228949
0.13443098580256135,0.17980124,-0.473243863974023,-0.09596511102959883
0.1948714544363161,0.17638505,-0.461362587506406,-0.09822875546909689
0.08928758083616378,0.17585835,-0.4778667196923812,-0.10121749784957856
0.031376802782852875,0.17240788,-0.5076568342458989,-0.10242724516407396
0.16939569148301642,0.166018,-0.4963411682438683,-0.10104265807171182
0.1550384412338277,0.1657343,-0.4839891268312525,-0.09856510160049234
0.10145288341901387,0.16586557,-0.48829316046998655,-0.09723834497334893
0.10402991465331024,0.16312432,-0.49724927590684037,-0.09789249849203494
0.10317549360760814,0.16094396,-0.4997800805415351,-0.09932919517764634
0.14388976242496127,0.15925203,-0.4891743535349345,-0.09976679939440614
0.11374222553612584,0.15767397,-0.49124548071873925,-0.09879110597894199
0.1560939140673821,0.15470594,-0.4842207898693475,-0.0977938816729942
0.024114471871749754,0.1538262,-0.5079039882641238,-0.0984673516512132
0.10077251876563115,0.14891927,-0.5097298050738353,-0.10093096299139093
0.08901780128961767,0.14460069,-0.5152918442706268,-0.10345559772607223
0.12173666937550731,0.14226976,-0.5111986658305812,-0.10412305855853679
0.10956820604689654,0.1403792,-0.5134904836885991,-0.10276368947631091
0.16055014425726966,0.13899763,-0.5021062819220944,-0.10118439941731784
0.05577348711501978,0.13909684,-0.5126713517812564,-0.10139431622563089
0.129028233539417,0.13646178,-0.5049237568742387,-0.10356714880052914
0.14801015697401165,0.1356698,-0.4946739100563189,-0.10579515557824251
0.19767595980501845,0.13462584,-0.47246703080531544,-0.10593850463948928
0.10548704856814639,0.13281137,-0.4774955329216129,-0.10377947712697953
0.1360290006007563,0.13185295,-0.4754338462455735,-0.10134504216325023
0.05211301783219929,0.13125736,-0.49135530028849245,-0.10103385030999787
0.028329506821873407,0.12829529,-0.5112040309213065,-0.10333888860947663
0.1538156450637646,0.124469936,-0.5042431802051829,-0.10636698130763877
0.1198767540731101,0.12382501,-0.5060122358234616,-0.10761186795058994
0.16535176905181398,0.121362746,-0.4955233637379095,-0.10625594135832227
0.06509971048907903,0.12396604,-0.5104991887633357,-0.10379823526100178
0.13832334445436678,0.12402567,-0.5003147353816907,-0.10248016255728737
0.19034528415219576,0.1238486,-0.4781224431100788,-0.10312949159690638
0.13323634822776104,0.12353283,-0.4726428131755744,-0.10454556764297356
0.12712121224545092,0.12464017,-0.4733276294940287,-0.10494456118014718
0.11617153482091763,0.12709478,-0.4775928121845624,-0.10391020603810996
0.05409378712802637,0.12561087,-0.49219404510516707,-0.10283237857364114
0.1678592488320484,0.122872144,-0.48182455311591027,-0.10340162016889771
0.09075995066606685,0.1245157,-0.4929878241696628,-0.10573593437303663
0.13393964933159336,0.12414068,-0.49135676449645715,-0.1081050308388326
0.05297402368395909,0.124866575,-0.5105818311003537,-0.1085898386801637
0.06768051838591643,0.122505754,-0.5200535410342165,-0.10702015106770885
0.16947084103915006,0.121241376,-0.5045222931528871,-0.1052026688484926
0.09974674982817627,0.12140754,-0.5070266264219796,-0.10514667010497654
0.16985673177563515,0.12336281,-0.49320061838104445,-0.1070263832945442
0.1099992351130894,0.124995515,-0.4958857498599368,-0.10893496190140854
0.041122621237792534,0.12557907,-0.5090314225481081,-0.10873384575012641
0.14776720130157273,0.12344003,-0.49842623106545436,-0.10620696058483553
0.08995986505348569,0.12446998,-0.5036511809514744,-0.10338328408845823
0.14028854472361152,0.12286934,-0.496530120942844,-0.10266382543464754
0.11410342406825613,0.1250583,-0.5007532403965073,-0.10454426152816888
0.05304328377826306,0.12463744,-0.5143399176966683,-0.10713441421439379
0.11983034224650785,0.12218286,-0.5100937989190859,-0.10793130039154032
0.19931784735486285,0.12009029,-0.4882122783571261,-0.10612083783307012
0.1331109832791043,0.1224947,-0.48267688151601795,-0.10320579686214648
0.1119187079400934,0.122347414,-0.485997270105506,-0.10143149924908483
0.15644446668317868,0.12389642,-0.47785334552574593,-0.1016297521926285
0.12307208776674927,0.12700424,-0.47383517899518424,-0.10260402503463642
0.12343092982181253,0.12622502,-0.47330640529096674,-0.10257465091296661
0.07310603934877613,0.12647262,-0.48963620569699545,-0.1011295168808107
0.1253020789382478,0.124086425,-0.49042909884457164,-0.09966259432286738
0.15709689940564608,0.12542583,-0.48322489730320856,-0.09986841252096389
0.08463513922954896,0.12607706,-0.4936633092465523,-0.10186880730702244
0.1734309008614759,0.12351081,-0.48310087654055256,-0.10393711755540355
0.11490898630812624,0.1244182,-0.4856603970066095,-0.10415765274009853
0.08452286208996285,0.12388219,-0.49163738644366745,-0.10236329395676103
0.1587966965956018,0.12310399,-0.48356973396669234,-0.10036349675053799
0.10943305282864052,0.12590219,-0.486710405053903,-0.10016992319733604
0.1510449549903355,0.124395266,-0.4791441638329934,-0.10195878136783362
0.11085455420217649,0.12584287,-0.4853746729240623,-0.10382477055821439
0.12076853549727229,0.12523481,-0.4854325790218924,-0.1036304178329568
0.14326254500840485,0.12702599,-0.4804089346361323,-0.10116025783337555
0.1362960104198031,0.1289826,-0.4778511838776008,-0.09844338430827157
0.04806590941661615,0.12816538,-0.49670548489739424,-0.09788042068999954
0.08319385090296999,0.12679903,-0.5068903417209115,-0.09996615302391401
0.16425716149886266,0.124596834,-0.4956640694356563,-0.10280900962870992
0.12393061283189533,0.12605758,-0.493508552336354,-0.1039041194401151
0.10978068972011062,0.12818992,-0.4975933749163632,-0.10243503179851304
0.07837404217427102,0.12712818,-0.5085653855218731,-0.09990168770472235
0.09045655537567437,0.12682714,-0.510329763568708,-0.09854614372955776
0.0549407951319254,0.1256219,-0.5210995173942674,-0.09919653618504928
0.13115001921431313,0.12409894,-0.5158240059027227,-0.10065229289278506
0.11306667481692056,0.12612619,-0.5157534996376969,-0.10112937437686217
0.10005339403872626,0.12606424,-0.5168219505148963,-0.10021100757924427
0.13649560959209445,0.12356514,-0.5091543099863793,-0.0992862634463387
0.1547780497421269,0.12372252,-0.4953524417127813,-0.10004458071279833
0.22370643104499577,0.124822214,-0.4655683851510323,-0.10260256725394554
0.0845445088687744,0.12690683,-0.47413631026509756,-0.10522825116381927
0.1903000142131558,0.12593234,-0.45756354936589483,-0.1060006041614521
0.1845997700251874,0.12761535,-0.44473820072079556,-0.10474719908430938
0.11783855420017791,0.13051043,-0.44738580272396966,-0.10327226916508975
0.15780452741764067,0.13050595,-0.4470282173093486,-0.10358239588499138
0.1336938842959257,0.13068277,-0.4531899891085373,-0.10584890289158343
0.1605034558098129,0.13191767,-0.44875402652838686,-0.10816185373059457
0.21388398512019274,0.13166575,-0.43608115882375065,-0.10837943833320837
0.18041071054607538,0.13442823,-0.4316755168816636,-0.10628219962553274
0.17843998203035477,0.1367608,-0.4269024981418636,-0.10389562817918595
0.1436548845512856,0.13733912,-0.4313212910189899,-0.10361717171770697
0.10442379625237186,0.13833144,-0.442958972565209,-0.10593890233797285
0.1561094745227803,0.13728303,-0.44354979047024784,-0.1089670254230388
0.2132713803515483,0.13851379,-0.4326379797274691,-0.11019496185663871
0.10859300155582668,0.14085019,-0.4471804917462166,-0.10880508602686656
0.1290295550133671,0.13999668,-0.45656929451397343,-0.106296709426466
0.17717301814736258,0.13991226,-0.45165634619324935,-0.10491181089885523
0.13591268694695663,0.1432961,-0.4520885374382833,-0.10547900106122145
0.14552592360412497,0.14463712,-0.4537509109542938,-0.10679872824439907
0.16206970450125602,0.14401421,-0.4537485330915041,-0.10708850784525113
0.1274974155947754,0.14506443,-0.45764335706669657,-0.10593363833434986
0.1449865146826737,0.1456907,-0.4575998913852143,-0.10472575547630543
0.21268504721381148,0.1472927,-0.4430083595296671,-0.10515732736739691
0.13650871150134847,0.15062691,-0.4459612738876224,-0.1073484220021854
0.1274839554961758,0.15278839,-0.45179631035667833,-0.1095709199241526
0.16758700733192627,0.15270613,-0.4488666815240791,-0.10990799501642737
0.2230988842211824,0.15438245,-0.42986654958797543,-0.10819172569257486
0.1892602124343043,0.15791695,-0.42235563928269154,-0.10623110472650517
0.18125061687639188,0.1595556,-0.4204999136620211,-0.10603767509405686
0.20357162884856805,0.16034596,-0.4120410677595792,-0.10778786992173314
0.13622344289018123,0.1597117,-0.4178681124721979,-0.10957695492127928
0.22616060312012876,0.1612798,-0.4043800967834464,-0.10926835889226752
0.22437276438629183,0.16236866,-0.3957601690837394,-0.10664784431020435
0.1960255643067586,0.1636038,-0.3933087338985701,-0.10374604656277057
0.2538551403618575,0.16580597,-0.3798632750620552,-0.10296542928572608
0.1732572865162566,0.16855021,-0.3851245666833279,-0.10480289927922684
0.26392493339177314,0.1697209,-0.36678073834521663,-0.10736926556972591
0.2286434119765523,0.17274404,-0.3622939047975424,-0.10816227479517469
0.21221032680282792,0.17320915,-0.36120054990907335,-0.10636830591905688
0.2273196849107334,0.1742466,-0.3596002939847032,-0.10349031456430638
0.22669111834857947,0.17574608,-0.3577477844982383,-0.10177352843819035
0.28129583116624746,0.17823319,-0.3422227081003749,-0.1020493817578415
0.1945115621682228,0.18312216,-0.3512757375611005,-0.10312069632223383
0.20963096728820746,0.18432887,-0.3557207967971119,-0.10320689138059362
0.28270317091515385,0.18457694,-0.34281424208161415,-0.10189468571856364
0.22194888510333283,0.18970555,-0.3432601436502861,-0.10057664363705018
0.2832605417955667,0.19284129,-0.33165659790745394,-0.10094566747210196
0.3173967092343417,0.1967593,-0.3153599395914879,-0.10312176834337096
0.23840481022223076,0.2026978,-0.3145499113049075,-0.10537628759405737
0.28368171821863025,0.20589192,-0.30526990078725197,-0.10579139181672963
0.21512461580484343,0.20994504,-0.3149111794036687,-0.1041977035016775
0.29264955851084995,0.21295886,-0.30360376230167063,-0.1024023352563637
0.27407201544884313,0.2181686,-0.30214878121602967,-0.10241455462679824
0.28785990946159895,0.22029035,-0.2977019420631825,-0.10440815721279029
0.2473513489566898,0.22554019,-0.3038573454100241,-0.10647544601269035
0.21088841650663193,0.22955315,-0.3166302547530852,-0.10647660208731657
0.29851493412560837,0.23102944,-0.30654995689779907,-0.10419389803476485
0.20157685967982725,0.2337123,-0.32109336092545754,-0.10165428228371934
0.27292794620838606,0.23417291,-0.31830082228127965,-0.10125638107898574
0.3252794456488788,0.23723426,-0.3054924877619122,-0.10349316104560875
0.29931429480483834,0.24133907,-0.2949150707142178,-0.10647143629804232
0.37113521929815985,0.24731755,-0.26937381106822705,-0.107684951670353
0.3384250920768722,0.2528474,-0.25482043107390895,-0.10631612448031041
0.27624772552185567,0.2569683,-0.2530631159662477,-0.10386403453995213
0.3061781507856797,0.25994298,-0.24849908613817503,-0.10257016332939507
0.3066359160679025,0.2618277,-0.2459733590005991,-0.10326236971458624
0.2501441981432414,0.2666118,-0.2583098615420832,-0.10474010936558739
0.27859443759015023,0.26624522,-0.26775721932084084,-0.10521967957484789
0.2968356644376437,0.26792988,-0.2713851557534431,-0.1042849524938645
0.2427157919365393,0.27094743,-0.2841063291981749,-0.10332594811385364
0.3274807505242119,0.2714231,-0.2768661351459499,-0.10403334934242893
0.3193931321892672,0.2748941,-0.271069173527413,-0.10652529063122196
0.26734122677986905,0.27638608,-0.27450857893579017,-0.10907159244235241
0.35190059754052067,0.27888414,-0.25996506265178426,-0.10975326434194564
0.3675949907440289,0.2841384,-0.24158580672895674,-0.1084001387109115
0.35207304040464027,0.28695682,-0.22672086716490128,-0.10681890304826239
0.33413773845047817,0.29154244,-0.22224679498197428,-0.10701875797927728
0.37344027486243847,0.29327074,-0.20862395692830732,-0.10917377881611426
0.3805018381554949,0.29553062,-0.1933702602611143,-0.11137687881366166
0.36956846549951305,0.3007331,-0.18517395208292128,-0.11148915948191665
0.3290283079912769,0.3037868,-0.19054912778013658,-0.10929409977136749
0.3756352658998556,0.30777293,-0.18454261805951924,-0.10682011250984072
0.41514203922063503,0.31081122,-0.16939687980186163,-0.10646751538716809
0.34888876750580167,0.3160578,-0.17225414094782804,-0.1087311598266912
0.45770336966186015,0.31835574,-0.15174006784943778,-0.11171990220717497
0.35903518453939254,0.3256068,-0.1556516285745195,-0.11292964952163187
0.3845147886901648,0.3309049,-0.15047260116789757,-0.1115450624293963
0.36073116543710776,0.33376175,-0.15579110401745588,-0.10906750595805245
0.39941098879098536,0.33884692,-0.15018734745725018,-0.10774074933091198
0.3264659423592509,0.34300828,-0.16387682237607298,-0.10839490284960662
0.3768893690122759,0.34304166,-0.16669352343660077,-0.10983159953520347
0.35934631195050953,0.34558254,-0.17236902911911686,-0.11026920375195223
0.41101077345736,0.34529108,-0.16305629847481856,-0.10929351033645181
0.44831320170015165,0.34747314,-0.14678801129270347,-0.10829628603056912
0.43851052705542126,0.3529572,-0.13323499087988244,-0.10896975600878876
0.32457286280877534,0.35714647,-0.14667984702861897,-0.11143336734896277
0.500591306017831,0.35773128,-0.11808803749061611,-0.11395800208364111
0.4362556771519396,0.36542836,-0.10663723683063878,-0.11462546291613895
0.39826448510702367,0.37038276,-0.10634470813668881,-0.11326609383387515
0.438524813123171,0.3736502,-0.10420625173521342,-0.11168680377489379
0.4431090214682764,0.3801371,-0.09729567636912012,-0.1118967205832193
0.4140637190997861,0.38405266,-0.09572656090042775,-0.11406955315811922
0.45165736779611537,0.3871035,-0.09145213092889586,-0.11629755993581285
0.42409324655333347,0.39315197,-0.09330466268804652,-0.11644090899705044
0.435882837275571,0.3954624,-0.09045342579384694,-0.11428188148456947
0.4287534690496809,0.39770514,-0.09148867093243525,-0.11184744652080884
0.40350664002448033,0.40032238,-0.09781576830835731,-0.11153625466757515
0.4689737969984155,0.40261215,-0.0883475955569602,-0.11384129296707027
0.49000332049850315,0.40571177,-0.07517374079588135,-0.11686938566523462
0.49114271923487124,0.40936667,-0.062033142225095636,-0.11811427230812928
0.5069343879461984,0.4134884,-0.04776095664071349,-0.1167583457158905
0.49149116953138683,0.41904092,-0.0371663592776287,-0.11430063961857216
0.4619466454541623,0.42285022,-0.033800773342604805,-0.11298256691484272
0.5193898445387654,0.42434788,-0.02024303304481414,-0.11363189595447169
0.4375622956065398,0.42982566,-0.02914101876904099,-0.11504797200054201
0.45928705134941306,0.42919505,-0.03371079027243026,-0.11544696553773923
0.4607094367994172,0.4323167,-0.040227340226874735,-0.11441261039562511
0.5443708301358612,0.43484634,-0.023967014780539912,-0.11333478293121328
0.5429167479526094,0.4405591,-0.010136083098952822,-0.11390402452645527
0.5290466797319299,0.44503695,-0.0011861347774191205,-0.11623833873046732
0.5557573608580937,0.45142704,0.014458637561852727,-0.11860743519640024
0.4835272957127005,0.45717487,0.013564887630828762,-0.11909224303772416
0.5353329600544141,0.46103114,0.02400627625062545,-0.11752255542527115
0.5207443217655044,0.46530458,0.025512426440169007,-0.11570507320604839
0.5625646038468636,0.46789235,0.03619327125515286,-0.11564907446257998
0.5289178508393181,0.47205508,0.03533286035121572,-0.1175287876521096
0.5222826596951615,0.4794085,0.0334099060206802,-0.11943736625897937
0.5622910908318417,0.4803609,0.04208814786139109,-0.11923625010767895
0.5792528920056763,0.48481572,0.05449744150845539,-0.11670936494237806
0.5228681310622656,0.49079216,0.05170245231053611,-0.11388568844600756
0.5504340090210593,0.49366975,0.05331670098670433,-0.11316622979222246
0.5153875887358859,0.49739322,0.04740323769512965,-0.11504666588575303
0.4630805243792538,0.5006319,0.030825598251838636,-0.11763681857197616
0.572223775944535,0.5008981,0.03821764415611721,-0.11843370474910968
0.5920100377791512,0.50576377,0.04982254199267358,-0.11662324219062287
0.5823211875311521,0.51162416,0.0600183017427713,-0.11370820121972616
0.49986773681151275,0.517528,0.04767177260247499,-0.11193390360663114
0.566073424109253,0.5211376,0.05531868505133496,-0.1121321565502276
0.4970318083481995,0.52463233,0.04838126246563761,-0.1131064293921977
0.6408388709444781,0.52488273,0.07336877583625655,-0.11307705527053036
0.5488289997030136,0.53029454,0.06959345394900336,-0.11163192123837509
0.6439811388307493,0.53182393,0.09054586944520662,-0.11016499868044274
0.635691477050177,0.5373066,0.10709140563221954,-0.1103708168785444
0.5674266715717153,0.543484,0.10945084425570421,-0.11237121166459402
0.5621350168204476,0.5451485,0.10785433834004265,-0.11443952191291354
0.6237601010961045,0.5496199,0.11811719434463826,-0.11466005709766877
0.5808939972088603,0.55526173,0.1182748716112114,-0.11286569831433284
0.6215709156031115,0.5595951,0.12342047497257722,-0.11086590110809001
0.6024582909873831,0.5623078,0.12175031091135267,-0.11067232755489397
0.5555143117371752,0.5642119,0.11316636949131409,-0.11246118572538483
0.5416840378591526,0.56513715,0.10151562661405067,-0.11432717491578308
0.6412413708970215,0.56463546,0.11368783055194732,-0.11413282219050791
0.6141616336313347,0.5697932,0.11933793309515052,-0.11166266219091744
0.6181534883293225,0.57239944,0.12387100395187328,-0.108945788665821
0.6705311772738046,0.5756549,0.13933725997894414,-0.10838282504757629
0.6927984278721534,0.5792341,0.16327073694771438,-0.11046855738149997
0.6400003696866003,0.5845627,0.17295078828351834,-0.11331141398629878
0.6409497769279291,0.5885842,0.17775482565881237,-0.11440652379769048
0.6773421626429016,0.5911729,0.190038263651528,-0.11293743615607142
0.60845938958498,0.59445745,0.18482362156192228,-0.11040409206230149
0.6736672553194187,0.59728867,0.19131307654765542,-0.10904854808711376
0.6900353337495316,0.60125244,0.19860082032845086,-0.10969894054264523
0.6985683963320354,0.6069052,0.21002797773791734,-0.11115469725036245
0.599971327729956,0.61443675,0.1953705499931861,-0.11163177873444304
0.6493226809250349,0.6153006,0.19363284207252246,-0.11071341193682663
0.6482351230232217,0.61717254,0.19346886734531002,-0.10978866780392292
0.6898550392764554,0.6192856,0.2029454370776006,-0.11054698507036906
0.7081523664294658,0.6251296,0.211849366676336,-0.1131049716115266
0.7512108087757297,0.6293883,0.23092015976423852,-0.11573065552139239
0.6769024273627515,0.6373398,0.23358765863904898,-0.11650300851901912
0.6801813766658094,0.6384589,0.23696779228892925,-0.11524960344187926
0.7478122226753541,0.6426249,0.2548141141937384,-0.1137746735226226
0.7178684179578915,0.6458018,0.26360344001627567,-0.1140848002425762
0.7590771343119731,0.6482504,0.2774852286613936,-0.11635130724912446
0.7241829705533122,0.65412515,0.2787446387213419,-0.1186642580881694
0.6710501688753087,0.65889174,0.2704798256971661,-0.11888184269076492
0.6674405805389123,0.66030616,0.26084836646495124,-0.11678460398307917
0.6621561434577639,0.6630125,0.24949748336634942,-0.11439803253684445
0.7517360119600074,0.66454536,0.25980064240233947,-0.11411957607527441
0.7754719088944604,0.66986865,0.272791330372889,-0.11644130669555759
0.8044220255525827,0.6780402,0.2929812371093646,-0.11946942978058231
0.7683077475753406,0.68739766,0.3045499763443814,-0.12069736621422003
0.7839058213218894,0.69159347,0.32160894085851943,-0.11930749038443093
0.7190052449536187,0.6973632,0.3216975001870688,-0.11679911378402114
0.6995919044870258,0.7008798,0.31393578000549327,-0.11541421525641228
0.7809300878952588,0.70165056,0.32133110189937114,-0.11598140541882372
0.7670865467668389,0.70467365,0.32345844028004234,-0.11730113260197157
0.7579845893168033,0.7094287,0.3224363294590629,-0.11759091220280021
0.7718837187857548,0.713798,0.3234624583165442,-0.11643604269200226
0.7723313721123335,0.71723187,0.3289796890581732,-0.11522815983388351
0.812738222205982,0.7228315,0.3449503959432613,-0.11565973172497634
0.8160743469996778,0.72757155,0.3577030927448718,-0.11785082635976175
0.7896561823951175,0.731932,0.36256744137928837,-0.12007332428176333
0.8042704852960876,0.7349772,0.36955172605890896,-0.1204103993739773
0.7941478909287054,0.7422371,0.37338885911417863,-0.11869413005014083
0.7588913529092669,0.747392,0.3680189700941899,-0.11673350908406868
0.8091694717013561,0.75128067,0.3720178904970556,-0.11654007945163285
0.7279811548772739,0.75538945,0.35589315286268375,-0.11829027427931092
0.8262195203373951,0.756045,0.36494305556541956,-0.12007935927884451
0.7411766323176767,0.75839114,0.351785237560807,-0.11977076324986324
0.8015879418771523,0.76058245,0.3567101624134391,-0.1171502486677408
0.7600872035633994,0.76461726,0.3499508223266416,-0.1142484509203232
0.817249886059164,0.7650153,0.3597824594436594,-0.11346783364329678
0.7969019866291394,0.7681654,0.3636014392894506,-0.11530530363681331
0.7385413047079097,0.7694933,0.35311835599437014,-0.11787166992727606
0.8196852750999226,0.7700849,0.36251498809485294,-0.11866467915275043
0.7832003325751287,0.7748697,0.3628453889236466,-0.11687071027661793
0.8425756735115248,0.7785946,0.37804587312216814,-0.11399271892185166
0.8106651062112047,0.7843166,0.3805611800080493,-0.11227593279573929
0.8284276326128681,0.7862409,0.3893224559407093,-0.11255178611539988
0.7779939034046275,0.7879324,0.3855656804991142,-0.11362310067981818
0.794685307512011,0.78714484,0.38547749070601967,-0.11370929573815414
0.8020771392473409,0.7879822,0.38584356298799,-0.11239709007615288
0.8556581664287168,0.7886309,0.39770776030553334,-0.11107904799462358
0.8899070942252283,0.7926692,0.41553103982010686,-0.11144807182967464
0.7952434491401099,0.798848,0.4096751413875728,-0.11362417270093936
0.8708379406826718,0.79916394,0.4230132263987188,-0.11587869195165959
0.7463016242246665,0.80235666,0.4063662524084676,-0.11629379617431233
0.7864610018836521,0.80234027,0.40140517796056707,-0.11470010785923283
0.7977121202795956,0.80291706,0.39368611884063087,-0.11290473961393178
0.7843831105444291,0.8038363,0.38467099579402114,-0.11291695898437927
0.7773667639055568,0.8030491,0.37410196932650236,-0.1149105615702356
0.8572327343083787,0.8020484,0.38352943792883376,-0.1169778503702811
0.8346989365703728,0.8041762,0.3916933089200123,-0.11697900644490793
0.8597524161668055,0.8051187,0.40581434769873165,-0.11469630239232571
0.8737532086708852,0.80704993,0.4207251524783092,-0.11215668664127877
0.8590064443492134,0.8104456,0.4330240164678137,-0.11175878543656391
0.8761017373362658,0.8119019,0.44703460481388724,-0.1139955654032031
0.849485529293212,0.8164598,0.4504476054249734,-0.11697384065557272
0.8076114904888259,0.81713486,0.4426789826328442,-0.11818735602792756
0.8968865539350288,0.819259,0.45412527806267783,-0.11681852883785494
0.8342842722825052,0.82207876,0.4491857989700701,-0.11436643889750342
0.8223853651644515,0.8244241,0.4416619655238796,-0.11307256768694968
0.8535315160139952,0.8246104,0.4395414839450055,-0.11376477407215
0.8264069175746178,0.82628286,0.4349178249615814,-0.1152425137231654
0.8472474818429538,0.829101,0.4361476859535422,-0.11572208393238766
0.8784344611804595,0.8299707,0.44198617958792863,-0.11478735685144519
0.880042044860248,0.8325391,0.4501224201783283,-0.11382835247143487
0.8328246544902798,0.8337105,0.44671740046048586,-0.11453575370000971
0.8501937953435474,0.83454216,0.4470553192105567,-0.11702769498879789
0.9124700446667118,0.8352205,0.46301243736091097,-0.119573996799965
0.891215218955958,0.83897895,0.472541477861842,-0.12025566869950571
0.9540665648990588,0.84177095,0.4932656874197954,-0.11890254306848047
0.9203694629622863,0.8457522,0.5031551866892433,-0.11732130740581893
0.9201544431362807,0.8475688,0.5147803172706568,-0.117521162336846
0.8225040942682614,0.84824014,0.5002809322196938,-0.11967618317368457
0.9075657224199161,0.8491704,0.5055735519724547,-0.12187928317115723
0.8767615581101784,0.8501032,0.501104693552011,-0.12199156383951486
0.8583697038353936,0.853878,0.49130582819597485,-0.11979650412892015
0.8874183497523527,0.8558503,0.4861060244789653,-0.11732251686744469
0.9186999495363832,0.8581738,0.49184645412770883,-0.11696991974467986
0.9022819727343838,0.86165243,0.4967299659165282,-0.11923356418427615
0.8493484532029048,0.864947,0.4870461772632241,-0.12222230656476153
0.9134358761528694,0.8649611,0.4939147465552847,-0.12343205387920611
0.8603972597967172,0.8668398,0.4893098791364613,-0.12204746678695944
0.89449581307866,0.8668509,0.4925361616504866,-0.11956991031557526
0.8749354567672181,0.86742663,0.48737630378963004,-0.1182431536884941
0.8789229146196356,0.8678245,0.4857711662302331,-0.11889730720714164
0.9180112511581213,0.86789143,0.49377714003886297,-0.12033400389278205
0.8481445500913976,0.8695263,0.48456880478446396,-0.12077160810953326
0.9651998704457551,0.8707027,0.5043627634079337,-0.11979591469403332
0.8187895892998829,0.8718994,0.48709003904035586,-0.11879869038812274
0.8670215841082588,0.87177193,0.48455751779832346,-0.11947216036637087
0.905244610618126,0.8726478,0.48793216239809234,-0.12193577170657509
0.9140190675602433,0.87336767,0.49633248930206525,-0.12446040644120512
0.8876830288867474,0.87449545,0.4956599023361168,-0.12512786727369724
0.8897073230617849,0.87504107,0.49335234122335925,-0.12376849819143676
0.908269149353358,0.8752107,0.49989212985604525,-0.12218920813246807
0.8835008275494837,0.8755909,0.500504324296965,-0.1223991249407614
0.9471000479529297,0.87622887,0.5137335258893907,-0.1245719575157098
0.9256789900139863,0.87740135,0.5195155092038548,-0.1267999642933918
0.9271336699484197,0.8775864,0.5262601974882749,-0.1269433133546116
0.8554925374592662,0.87810004,0.5140966083866749,-0.12478428584212098
0.8901617828014898,0.8770747,0.5117956399312684,-0.12234985087839387
0.8815676742044085,0.87671965,0.5071597127471833,-0.12203865902514663
0.8540482718510615,0.87623304,0.4952433542055238,-0.12434369732462155
0.9072893017513478,0.8766338,0.49474700269116795,-0.12737179002281834
0.872174375262216,0.87672347,0.487489267104587,-0.1286166766657019
0.9185986080434801,0.87665015,0.49498532991882527,-0.1272607500734484
0.8511083430616904,0.87743,0.48516247382528976,-0.12480304397624448
0.9597321780980252,0.8771855,0.5039019433888743,-0.12348497127244212
0.8574479082821405,0.8776883,0.4966810748084218,-0.1241343003120433
0.900695844403703,0.87731797,0.5007081680299642,-0.12555037635812044
0.9227158394306036,0.8779375,0.5069147476345678,-0.1259493698953201
0.8691976951006147,0.87804884,0.5023472572456704,-0.12491501475320634
0.9243256111529138,0.87824285,0.5096005377826464,-0.12383718728874918
0.8426709782516721,0.8786172,0.4947963112071667,-0.12440642888403679
0.9468116923498946,0.8783549,0.5088716385440409,-0.12674074308805522
0.8901939395727754,0.87916535,0.5061223140121909,-0.12910983955397332
0.8658201461738009,0.8787959,0.49924480083099776,-0.129594647395292
0.8768266183901998,0.8790698,0.4936520119345632,-0.1280249597829537
0.9194319723990727,0.8780212,0.5005446558769898,-0.12620747756361622
0.8643998613237984,0.8792892,0.49505392877910304,-0.12615147882010977
0.8572601097012942,0.87926257,0.48527506537739484,-0.12803119200969265
0.8771097139473366,0.8787374,0.48154572968387627,-0.129939770616553
0.839049864925089,0.8783518,0.4722603487871435,-0.12973865446523322
0.9551816508500786,0.877837,0.49030103309740664,-0.12721176929992126
0.8611927931749305,0.8786187,0.48333862614352285,-0.1243880928035932
0.9148416706728066,0.87818515,0.4921204194220525,-0.12366863414978857
0.889632988169224,0.8785886,0.49290443941808515,-0.12554907024330814
0.8420745587399143,0.87791127,0.4858224283637024,-0.12813922292955846
0.8792451427822785,0.8768164,0.48580241905714183,-0.1289361091066791
0.9090187148944087,0.8763236,0.4906456036806646,-0.12712564654817568
0.8699989194194022,0.8769703,0.4873882139750459,-0.1242106055772769
0.922772593215693,0.87674856,0.4944943287936137,-0.12243630796423878
0.9149173279187646,0.8773104,0.5003102451486389,-0.12263456090779047
0.9097168961753754,0.8781881,0.5075165923407192,-0.12360883374976783
0.8546953792767751,0.87821907,0.49894626214801857,-0.12357945962810343
0.8292265288851253,0.8780478,0.4846583254273652,-0.12213432559594907
0.84611003518108,0.877068,0.47558109764378065,-0.12066740303799876
0.8763619159774567,0.8769458,0.4733482651328312,-0.12087322123612608
0.8886185854907587,0.8758895,0.47318612740915583,-0.12287361602220974
0.7811787737738223,0.8763178,0.4477793000600612,-0.1249419262704671
0.8641353825877889,0.87497056,0.4467055069366316,-0.1251624614552163
0.8691297949485199,0.87420535,0.44979518677177766,-0.12336810267188354
0.8506066529546261,0.87420136,0.4505108069935557,-0.12136830546565343
0.9102545001204698,0.873367,0.4610503646701329,-0.12117473191244123
0.8747321143318156,0.87426966,0.46376784503644863,-0.12296359008297236
0.9077616559376753,0.8733706,0.4777389966747951,-0.1248295792733598
0.846547837430007,0.873618,0.4734417997097372,-0.12463522654816299
0.8898472551243576,0.87359625,0.480086323188325,-0.12216506654846418
0.9153259913236902,0.8738866,0.4905545449621099,-0.1194481930233775
0.9009354608330218,0.87386113,0.4960174453612429,-0.1188852294051499
0.8053377782754121,0.8744151,0.47653396732518316,-0.12097096173892222
0.836209051483283,0.87371534,0.46542093013693975,-0.1238138183438877
0.8307624086469574,0.8734267,0.4560671103496793,-0.12490892815523132
0.8614074024368368,0.87336415,0.4548975701421268,-0.12343984051363435
0.8671524301422763,0.87210476,0.45183442598512535,-0.12090649641985732
0.8056637343079533,0.87222946,0.4361804724461251,-0.1195509524446735
0.8390289223955256,0.87058794,0.43320213919253425,-0.12020134490021467
0.7555257904130105,0.8699482,0.41239436274052627,-0.1216571016079333
0.8885173690614463,0.8680025,0.42603254193049894,-0.12213418309202405
0.8101548318527243,0.8683475,0.41767453147238875,-0.12121581629434786
0.8301811244623913,0.8660305,0.41647798342170345,-0.12029107216149888
0.8137431386753253,0.865003,0.41022840562008966,-0.12104938942794506
0.868329502253359,0.8625215,0.421581386701704,-0.12360737596909827
0.7106644636944758,0.86135554,0.3954412657838247,-0.12623305987895583
0.8184531057252884,0.8565988,0.39414417422949105,-0.12700541287660258
0.8126678621840298,0.85585725,0.3915468717506989,-0.12575200779943896
0.7967612081316995,0.8555671,0.38891356644754715,-0.12427707788020458
0.8794448396147023,0.8545343,0.40197298047647767,-0.12458720460017096
0.7750748224837455,0.85479003,0.39109322971718635,-0.12685371160672135
0.8373795192441456,0.8516802,0.40071217870801173,-0.1291666624457283
0.8187073388178845,0.85328895,0.40220204049943303,-0.12938424704831963
0.8515384569863202,0.85176486,0.41357760492653933,-0.12728700834066148
0.7737676879256981,0.85139686,0.4023685796915204,-0.12490043689439743
0.7686523278588321,0.849191,0.3896336582236896,-0.12462198043284592
0.8374368738211049,0.8454061,0.39533217611659044,-0.12694371105314517
0.8086591421586655,0.84412426,0.394616814852069,-0.12997183413807362
0.729150095525234,0.84143984,0.3738082649377002,-0.13119977057175733
0.7657214697719076,0.8378737,0.3616784858344864,-0.12980989474199253
0.7991453142731847,0.8342207,0.3629340990690769,-0.1273015181415747
0.8140352688505614,0.8308423,0.3695947215187454,-0.12591661961400194
0.7520981097079013,0.8282891,0.3575664099676915,-0.12648380977638848
0.6621183197733955,0.8267075,0.3263731572716728,-0.12780353695954674
0.7934329141568499,0.8213248,0.33229951452442746,-0.1280933165603712
0.7225747854275455,0.8202656,0.3224535521611724,-0.12693844704953203
0.6886201371119527,0.81586885,0.3043013600717669,-0.12573056419145576
0.6539379793157314,0.8100777,0.27535246987571227,-0.1261621360825477
0.7932940637183081,0.805047,0.28814201808587553,-0.128353230717328
0.7636174061363257,0.80391234,0.29650530687376697,-0.13057572863932795
0.7468331803543253,0.80422294,0.29821253559079314,-0.1309128037315801
0.8068455522679897,0.7997243,0.3131194885522978,-0.12919653440770174
0.7745049311488337,0.79961044,0.32478134831475863,-0.1272359134416415
0.8096646580988854,0.79778045,0.34471485961099124,-0.1270424838092184
0.6892015433437348,0.7977982,0.3286897750624741,-0.12879267863689858
0.7391083342547218,0.7921609,0.3255427109191197,-0.13058176363642462
0.6742691226507709,0.79280347,0.30550015606235253,-0.13027316760740987
0.7252659434194165,0.78874165,0.29912355314631633,-0.1276526530253432
0.7213603346068568,0.7858706,0.28935008592536565,-0.12475085527786613
0.7523308089157885,0.78352374,0.2895923369712207,-0.12397023800085825
0.7264597907159254,0.77947026,0.28629828844702043,-0.12580770799439103
0.745782644359343,0.7777372,0.29006102392280225,-0.12837407428485612
0.745660817378068,0.774609,0.2955261237166088,-0.1291670835102897
0.799026969420114,0.77203006,0.3134491426287983,-0.12737311463417067
0.6993601263102175,0.7704009,0.30503391315664674,-0.1244951232794202
0.671638460327481,0.7679139,0.2896092639819724,-0.12277833715331081
0.7146267675232423,0.76443106,0.2846718756088629,-0.12305419047298012
0.6703745211278308,0.76020795,0.2714024071970351,-0.12412550503739513
0.7561292050252844,0.75562155,0.27730339870092213,-0.12421170009572556
0.6838699187980624,0.7566537,0.2633427696431409,-0.1228994944336792
0.6694460183048667,0.7539551,0.2520856608990206,-0.12158145235223566
0.6696976589664967,0.7493177,0.242528315303376,-0.12195047618724919
0.7126723801661896,0.7440228,0.24667991746128504,-0.12412657705851046
0.675024719302876,0.7427097,0.24157478008610078,-0.12638109630922328
0.6526632899706608,0.74328566,0.22935609070775248,-0.12679620053190202
0.7391772461187013,0.738249,0.2397491987089802,-0.12520251221679474
0.6372810201439777,0.7390874,0.22837757909439688,-0.12340714397148501
0.6685416358902968,0.73709947,0.22540871339736762,-0.12341936334198088
0.6890564555120365,0.73759085,0.22477763298894826,-0.12541296592782708
0.5963923038766357,0.7337898,0.20645532126485172,-0.12748025472785215
0.675199515902945,0.72746617,0.20660991956873004,-0.12748141080246064
0.6116993867807368,0.7247632,0.19015468792276483,-0.12519870675003655
0.681357918805434,0.7172364,0.19583016313878995,-0.12265909099882812
0.608071501238246,0.7137716,0.18132141167659588,-0.12226118979412696
0.669021138440138,0.7067037,0.18492329002647334,-0.12449796976078732
0.6814844225346097,0.7058278,0.1921046903151738,-0.12747624501316912
0.668282330854317,0.7035845,0.1972168277675061,-0.12868976038551186
0.6407978156277578,0.70318276,0.1944879608469751,-0.12732093319542326
0.618275215501574,0.6998809,0.18618686321932704,-0.12486884325508366
0.6011049355315545,0.69612706,0.17624451048045223,-0.12357497204451254
0.6772725903000386,0.6907168,0.18354740688565213,-0.12426717842975012
0.5888573068305333,0.68878543,0.16805535259975785,-0.12574491808074342
0.5719464915314626,0.6831368,0.14990320142944166,-0.12622448828996796
0.6346187739596368,0.67594415,0.14814112993598325,-0.1252897612090257
0.573834396489405,0.67036474,0.13690843185603802,-0.12433075682901223
0.5640570877867463,0.665471,0.124082531184043,-0.12503815805757978
0.5410194041271302,0.66141903,0.10421661529931389,-0.12753009934637227
0.5747115638133976,0.6562044,0.09877145731650144,-0.13007640115751562
0.5865259103689571,0.65309685,0.09755261402368236,-0.13075807305704906
0.5954292274816657,0.64786625,0.09803027440124895,-0.12940494742602565
0.6192445011775775,0.64508533,0.10533213467149334,-0.12782371176336632
0.5988608197877137,0.64348537,0.10954633406409815,-0.12802356669443188
0.5670236495823512,0.64123785,0.10743577836313065,-0.1301785875312407
0.5628985359566094,0.6365941,0.10348983491775433,-0.1323816875287319
0.5866899162036687,0.63283384,0.10502229593106804,-0.13249396819707063
0.6125841486902045,0.63071287,0.1114675821952941,-0.13029890848646525
0.5640027016568777,0.62694675,0.10417391549680996,-0.1278249212250494
0.5369064108264511,0.6246131,0.09109554968875433,-0.12747232410227208
0.5126027861129225,0.62009054,0.07493365214797405,-0.12973596854186115
0.4910799623307459,0.6142856,0.056963597974739606,-0.13272471092233093
0.5695839336807732,0.6107447,0.057835584118726906,-0.1339344582367836
0.5622565375940158,0.60727364,0.056161310197173034,-0.1325498711445278
0.5583463060553233,0.60561746,0.05564301945010219,-0.13007231467317446
0.5269102076909924,0.6015137,0.04880372513559435,-0.12874555804605714
0.5829314358125333,0.5989744,0.05970668131359826,-0.12939971156471272
0.5052541529660863,0.5960551,0.05267263706933793,-0.1308364082503513
0.5575171426510579,0.5901646,0.0564764785776411,-0.1312740124671056
0.5148355110859988,0.5865931,0.04744325033702006,-0.1302983190516068
0.48871135496095025,0.5821203,0.0350286470318216,-0.12930109474569768
0.5316646676529377,0.5773258,0.03232628417348419,-0.12997456472394786
0.5206272779503429,0.57482237,0.02791895578383475,-0.13243817606414676
0.5146708963858198,0.56970996,0.02419999344487648,-0.13496281079876915
0.5000128500778166,0.5671298,0.015939929099365924,-0.13563027163125552
0.49146241595539064,0.564451,0.00895578343805738,-0.13427090254899832
0.5822271978217098,0.55933225,0.025448863392136423,-0.1326916124900167
0.5313484064596977,0.55964375,0.028130806055222397,-0.13290152929834972
0.5094484560491088,0.55842084,0.025352817481784345,-0.13507436187326302
0.4817138937988096,0.5571901,0.015113967239294639,-0.13730236865096918
0.5127559110651005,0.55382717,0.016096870375878022,-0.1374457177121699
0.48978165913629534,0.5512563,0.010854145114528622,-0.13528669019966852
0.4667082428441732,0.54747283,-0.002478908833696211,-0.13285225523594257
0.449960071755759,0.54190874,-0.019082739230639773,-0.1325410633827152
0.4547694114864887,0.53628,-0.030655486385971112,-0.13484610168220887
0.33035433795011127,0.5320373,-0.06886372398329468,-0.1378741943804143
0.4584022345147801,0.5234132,-0.07385983189687,-0.1391190810232858
0.42726379291462485,0.51863295,-0.08468103001412514,-0.13776315443101655
0.5046057892246965,0.51154053,-0.07228584379672032,-0.13530544833381494
0.4393688989611889,0.50951695,-0.07826245021098842,-0.13398737562999552
0.3883802263211361,0.5056653,-0.09095589253251699,-0.13463670466963135
0.4289855186071462,0.5009042,-0.0901749196881531,-0.13605278071563087
0.3862850103088507,0.49869776,-0.09944507815675432,-0.13645177425289082
0.4417487917036816,0.49228638,-0.09628259104485098,-0.13541741911077765
0.43081480716269627,0.488248,-0.10011202254439958,-0.13433959164633127
0.45302800077043603,0.48364323,-0.09535390437581534,-0.13490883324152478
0.38100098745383326,0.4810936,-0.10681374889403239,-0.13724314744563176
0.4093965796372412,0.47412467,-0.10929248707931874,-0.1396122439115788
0.35103196188495644,0.47076192,-0.12474472485871921,-0.14009705175285253
0.42789095449728615,0.4632039,-0.12082342073672561,-0.13852736414051608
0.4170064786308941,0.46007156,-0.12193932190744076,-0.1367098819211897
0.41235802285233997,0.45774746,-0.1229315060562424,-0.13665388317769522
0.389339099813158,0.4541667,-0.12893974551962673,-0.13853359636727944
0.40173284800852904,0.4501593,-0.12916714066017695,-0.14044217497412662
0.4444312987899718,0.44677162,-0.1175454114600175,-0.1402410588228132
0.3670098844044979,0.44509315,-0.12670150998624566,-0.13771417365746438
0.3798530315863362,0.44095582,-0.13339877086179586,-0.13489049716114254
0.32838980972806836,0.43469596,-0.15203383385381303,-0.13417103850735648
0.33322656027923325,0.42795742,-0.1653048136347782,-0.13605147460089229
0.36726945662119487,0.42233622,-0.17131933099973523,-0.13864162728710255
0.402888777645799,0.4187143,-0.1683064071314097,-0.1394385134642533
0.3461961755829955,0.4153874,-0.17721632416247055,-0.13762805090573488
0.3433837068928275,0.41089055,-0.18487280672372552,-0.1347130099348208
0.3331211346904521,0.40697277,-0.1914954577728036,-0.13293871232178517
0.3245554836893053,0.40302143,-0.19719831513480118,-0.13313696526534516
0.35336785060568987,0.39878243,-0.19781174017785608,-0.1341112381073484
0.27989657374996907,0.39943653,-0.21703047063622488,-0.13408186398566618
0.3847641238949671,0.3936264,-0.20848077331735623,-0.13263672995353123
0.30531243036158473,0.3923127,-0.21859825847332104,-0.13116980739557413
0.35594697053225144,0.38583285,-0.21317930343063118,-0.13137562559370172
0.274753173955008,0.3832466,-0.2294397667794888,-0.13337602037978125
0.3469412726117497,0.37925246,-0.22444097891576825,-0.13544433062808656
0.34362189375001295,0.3766834,-0.22093772703456002,-0.13566486581277346
0.3289732349045861,0.3754338,-0.22129846618679033,-0.13387050702945805
0.27178078305206643,0.37184367,-0.23632402158922097,-0.13187070982330162
0.3169327199785572,0.36706215,-0.2385796094218704,-0.13167713627001823
0.25767324395194524,0.36274338,-0.2522653165797846,-0.13346599444055238
0.2906258387694971,0.35890535,-0.2579779647403501,-0.13533198363093538
0.3373279807035974,0.3551798,-0.2543615956108343,-0.13513763090574885
0.3249450076326563,0.35488755,-0.2511730146155607,-0.13266747090600606
0.29117036420686326,0.35172436,-0.2552234205432816,-0.12995059738092685
0.24928317090588736,0.34785572,-0.2687835204331849,-0.12938763376267248
0.3092657737272788,0.34281003,-0.2642359834769118,-0.13147336609650817
0.2816156316661256,0.3403707,-0.2669543701125311,-0.13431622270143154
0.18713320429622665,0.33673513,-0.2938232808679382,-0.13541133251280854
0.30502654069563095,0.32851756,-0.2926546730436042,-0.13394224487132514
0.27039545052087677,0.32655147,-0.29641494415563385,-0.13140890077741033
0.31512955193247305,0.32292798,-0.286175015164458,-0.1300533568022294
0.22237692671526071,0.32246727,-0.30275716668738595,-0.13070374925777914
0.13808693666606003,0.31862146,-0.3338895699428744,-0.1321595059655107
0.26986441008532314,0.31050804,-0.3294496989038231,-0.13263658744956244
0.2673202461121066,0.30616963,-0.32606797293119716,-0.13171822065193023
0.18697386351005824,0.30355555,-0.3425834633930568,-0.1307934765190831
0.21177902650977737,0.29811043,-0.3561058920961364,-0.13155179378552992
0.35449982806108077,0.2938423,-0.32837386460467977,-0.1341097803266794
0.23214639499785678,0.2951358,-0.32608789397723065,-0.1367354642365654
0.2696852699048459,0.29116035,-0.3197581940809685,-0.1375078172341696
0.21290093066560822,0.29097342,-0.32999517496355557,-0.13625441215700393
0.1538791674200765,0.28500775,-0.34682019116370444,-0.13477948223776529
0.22596765502098953,0.27967,-0.34919360076058015,-0.13508960895774463
0.21944955694676732,0.2753125,-0.35636439913843865,-0.1373561159642973
0.211439977943841,0.27336806,-0.3631163214448141,-0.13966906680330313
0.21982588954302168,0.26880097,-0.36888542679340697,-0.13988665140589632
0.2318944320696113,0.26439843,-0.3668208001136777,-0.13778941269820794
0.2130395071447284,0.26119706,-0.36598117756210335,-0.13540284125195803
0.1669207604296043,0.259411,-0.37734679361517254,-0.13512438479042413
0.23257727912264015,0.25433004,-0.37276911593601997,-0.1374461154107386
0.13494925049426676,0.25358176,-0.3910130085836588,-0.140474238495617
0.12843737393798904,0.24798754,-0.40938397390442,-0.14170217492933848
0.23473327677637645,0.24025592,-0.4033731724396574,-0.14031229909954895
0.2231626128013957,0.23734254,-0.39673189636126843,-0.1378039224992637
0.19865845751416084,0.2350434,-0.39599755729467295,-0.13641902397155908
0.14399984526932674,0.23353378,-0.4103695091596633,-0.13698621413395323
0.16840329679548888,0.22825678,-0.41241022477144185,-0.1383059413171192
0.18338088148503068,0.22459109,-0.40951994452524487,-0.13859572091797376
0.12900580855199817,0.22455594,-0.4228302482661885,-0.1374408514071081
0.1601086920114565,0.21895137,-0.43033345767828424,-0.1362329685490015
0.21209710242439228,0.21562147,-0.42369512581541346,-0.13666454044012485
0.24006797412744574,0.21235585,-0.40722636744033325,-0.13885563507476684
0.16578039519451476,0.21320191,-0.4105619858011553,-0.14107813299688504
0.20945885704807998,0.21419756,-0.4035773406564434,-0.14141520808913005
0.10309352189443344,0.21252882,-0.420105031632828,-0.13969893876525372
0.20136593107190004,0.2072972,-0.41155527246998386,-0.13773831779920503
0.142164680881323,0.20787251,-0.4224708878039314,-0.13754488816675786
0.1834520992587948,0.20578067,-0.42231982445532673,-0.13929508299447643
0.159755785923618,0.20037723,-0.42940863061243634,-0.14108416799398993
0.21893533344987548,0.19821012,-0.4189205860048968,-0.1407755719649565
0.13132848156402321,0.19691224,-0.4281543383778473,-0.1381550573828795
0.18799541730374647,0.19444333,-0.42361642347957773,-0.1352532596354647
0.1506993290307666,0.19559482,-0.42856341885137206,-0.13447264235842904
0.15355874314047957,0.19322571,-0.43093586330022293,-0.1363101123519575
0.15072679927367405,0.1913496,-0.43630208376317337,-0.13887647864246042
0.12310427551212683,0.18945141,-0.4476475837623968,-0.13966948786788205
0.15378353624379887,0.1868373,-0.4494476568240457,-0.1378755189917473
0.15015828242197754,0.1846167,-0.4523410433619454,-0.13499752763696554
0.1603189910088036,0.1829483,-0.45108231579476077,-0.1332807415109108
0.15254297072956297,0.18292725,-0.45202382247143064,-0.13355659483053842
0.17875551123630157,0.18093432,-0.4453836382491679,-0.13462790939496125
0.18206282281530606,0.18217355,-0.4375526650273254,-0.13471410445329526
0.103484864248935,0.18358256,-0.44918726948983523,-0.13340189879125064
0.176854858038959,0.17998289,-0.4435794539833515,-0.13208385670977169
0.09518933661820328,0.17881638,-0.4578270603111474,-0.13245288054482365
0.16296616936635827,0.17613554,-0.45402281668731154,-0.1346289814161049
0.1628003789437325,0.17663857,-0.4540753957520128,-0.13688350066671817
0.06267397375880107,0.1765212,-0.4751027333945271,-0.1372986048894555
0.13953801524379122,0.17332213,-0.4763007598975407,-0.13570491657435074
0.1163311819510835,0.17359976,-0.4822380916687408,-0.13390954832905302
0.10374273555626518,0.1724378,-0.4870332554518492,-0.13392176769942582
0.18482660890452807,0.16950884,-0.4764861651714738,-0.13591537028541023
0.10542760916464933,0.1679709,-0.4834894041882425,-0.1379826590854321
0.09831802200511325,0.16634582,-0.4885100381294959,-0.13798381516002275
0.13161892913896073,0.16332085,-0.48762911095003086,-0.13570111110758895
0.15433786743571853,0.16413121,-0.4785043067281239,-0.13316149535641383
0.12102235755346719,0.16280936,-0.4792951447406083,-0.13276359415170505
0.17105492155091656,0.162267,-0.4712437496806943,-0.13500037411816926
0.1452998996389271,0.16214423,-0.46784895978787194,-0.13797864937076554
0.03867048300119297,0.16195239,-0.4880292204602328,-0.139192164743096
0.10211053408644832,0.15690178,-0.4941634958394311,-0.13782333755299153
0.09999710902520109,0.15608986,-0.5002719037293175,-0.13537124761263486
0.1398091400926651,0.15370952,-0.4950890724296055,-0.13407737640210526
0.01792083401986999,0.15351292,-0.5231401163053314,-0.134769582787314
0.21905013692013597,0.15001965,-0.49896374707130664,-0.13624732243831475
0.13961803941394613,0.15200998,-0.4914924389953263,-0.1367268926475425
0.124049004197328,0.15243042,-0.48577946631586433,-0.1357921655666015
0.16372066524267365,0.1518009,-0.47686382532361127,-0.1348331611865419
0.20847944192893808,0.15226309,-0.4542283606681863,-0.1355405624151475
0.15046841660399085,0.15352614,-0.4460899649315117,-0.13803250370396092
0.15300973005242913,0.15352894,-0.4448601086039167,-0.14057880551508256
0.12062351804272248,0.15300955,-0.4517308104376283,-0.14126047741460915
0.1095754946108507,0.15165168,-0.45894370812577795,-0.13990735178358776
0.09614514316237704,0.15173355,-0.4717557486438331,-0.1383261161209428
0.08212753990955524,0.14980283,-0.48850905734548633,-0.1385259710519794
0.08724408446482684,0.14946376,-0.5018645810280004,-0.14068099188883315
0.061083288471031894,0.14765169,-0.5190716905988828,-0.1428840918863125
0.11058436691102264,0.14522843,-0.5210219348735482,-0.14299637255463307
0.047620887019849734,0.14635797,-0.5359828703366935,-0.14080131284401792
0.12064493983069308,0.14413995,-0.5302350868897865,-0.1383273255826534
0.1116627292232335,0.1442453,-0.526657480789293,-0.13797472845984127
0.11873633253898336,0.14437309,-0.5189768846652602,-0.1402383728994358
0.09259384887981947,0.1427099,-0.5192937037205123,-0.14322711527991758
0.23301538447100534,0.14240488,-0.4859384485790796,-0.1444368625943579
0.16607414874152732,0.14566338,-0.47012926954542494,-0.14305227550208602
0.06452857112693872,0.14655797,-0.4813219670905489,-0.1405747190307246
0.12229031634306203,0.14444067,-0.48190134446996735,-0.13924796240365822
0.089639538026837,0.14437556,-0.4875514394021632,-0.13990211592227467
0.07397655793409852,0.14235054,-0.49699606017162995,-0.1413388126079444
0.06150824272382599,0.14055273,-0.5164040329534457,-0.14177641682467784
0.1309309797846015,0.14106606,-0.5154511989224632,-0.14080072340924366
0.0877952695409096,0.14183544,-0.5207147034613173,-0.1398034991032801
0.15249352983713677,0.14161651,-0.5097461199256621,-0.14047696908153004
0.15389698385544315,0.14193752,-0.4988404632399183,-0.14294058042172442
0.16915796889182438,0.14524068,-0.4817277169736654,-0.145465215156338
0.08276363012217852,0.14379773,-0.48757763676181065,-0.14613267598885776
0.13507497005536284,0.14245498,-0.48184183443694356,-0.14477330690656254
0.14174968786992137,0.14263879,-0.47561843510641666,-0.14319401684759092
0.09915695545175246,0.14204952,-0.48114190799797296,-0.14340393365593754
0.08816867893369956,0.13935152,-0.492856980135794,-0.1455767662308536
0.18173983827286588,0.13778856,-0.4813146153618818,-0.14780477300852674
0.12851768895626597,0.13854852,-0.4797774508330305,-0.14794812206971814
0.14519292136526735,0.13859269,-0.47554785088325296,-0.1457890945572509
0.08908139534056864,0.13955477,-0.4867249978706,-0.14335465959349628
0.07439821820728088,0.13935444,-0.49653342795765787,-0.1430434677402867
0.100605185731168,0.1392034,-0.5002394242963354,-0.14534850603979585
0.1188749509859568,0.13948745,-0.5011263375685295,-0.14837659873800257
0.08312024799005707,0.14096108,-0.510731026044553,-0.14962148538081685
0.12522481657892304,0.1403571,-0.5099026536787734,-0.1482655587885759
0.06073347031452814,0.1422358,-0.5215279140690412,-0.14580785269137495
0.08395461129661741,0.14078838,-0.5241381070219844,-0.14448977998755858
0.15491108791730462,0.14021303,-0.5113104379657472,-0.14513910902720295
0.15340912370939014,0.14109086,-0.49864664694612854,-0.14655518507320445
0.11571578757228468,0.14260837,-0.4966311421079288,-0.14695417861047175
0.0924871994416725,0.13973999,-0.5015783268268456,-0.1459198234683028
0.09333959729107938,0.13790396,-0.502973933577607,-0.1448419960039256
0.12012716927578287,0.13863227,-0.49814736864453973,-0.14541123759910612
0.16114001511789272,0.13865903,-0.48755657464549573,-0.14774555180320825
0.1735490907353921,0.14048703,-0.476557581574434,-0.15011464826913817
0.11933475991769665,0.14282982,-0.478470715774502,-0.15059945611047681
0.09511444403692515,0.14425434,-0.4846370937317179,-0.1490297684980717
0.15201843361443657,0.1431843,-0.47604609951837307,-0.1472122862787575
0.11092107784625088,0.14456132,-0.4782008881844171,-0.14715628753527593
0.12435264469079144,0.1435037,-0.4801433900340271,-0.1490360007247357
0.19783716061176948,0.14275081,-0.467107872039909,-0.15094457933168964
0.17999269443709576,0.14358027,-0.45587909850020497,-0.1507434631803674
0.15551269812379453,0.14571339,-0.4508218291596248,-0.14821657801505256
0.10138614006966162,0.14617632,-0.4610176223108354,-0.14539290151869116
0.16095820340869654,0.14510082,-0.45429317077562437,-0.14467344286492267
0.1959046977723196,0.14667827,-0.44077930008381944,-0.14655387895847366
0.14155561316310467,0.14913404,-0.444013075267869,-0.14914403164468493
0.21073016550781143,0.14788765,-0.43334666686848405,-0.1499409178217912
0.21029010870902654,0.14994162,-0.4219424919275424,-0.14813045526328764
0.22663638978836903,0.15150242,-0.4040691954165668,-0.1452154142923923
0.17553854563632204,0.15508358,-0.40331110711613427,-0.14344111667935944
0.18848672470664452,0.15788169,-0.40041520342556414,-0.1436393696229278
0.22271891621157902,0.16028942,-0.38976064318909914,-0.14461364246493252
0.1870049824728649,0.16284032,-0.38992765638422044,-0.14458426834323918
0.15203315413582708,0.16560735,-0.40109302687796333,-0.14313913431106892
0.15616252167912198,0.16632234,-0.41167453209144067,-0.14167221175313963
0.1850771999370069,0.1689167,-0.4120649004671178,-0.14187802995126733
0.12755554466453906,0.17159753,-0.42600235212681187,-0.14387842473734275
0.17449108819091624,0.17086521,-0.42931122088777474,-0.14594673498564004
0.22506810617448086,0.17130923,-0.41936984736021315,-0.1461672701703671
0.09902552512081542,0.17406696,-0.43632752178477807,-0.14437291138700878
0.24665893926383392,0.17428122,-0.4180821062347696,-0.14237311418086498
0.23287952476768342,0.17840986,-0.40460613343951113,-0.14217954062759514
0.17348092260301862,0.18132688,-0.4018829755702194,-0.14396839879813234
0.21498279895398797,0.1814573,-0.3955482186413094,-0.14583438798844964
0.19629749651687123,0.1825827,-0.3931315620222945,-0.1456400352633058
0.2465885087263291,0.18467441,-0.37606807734079484,-0.1431698752636038
0.2393937061362385,0.18887962,-0.36796765935204545,-0.14045300173848013
0.14891131331672508,0.19176047,-0.38230468495873715,-0.13989003812024411
0.22896467254941277,0.19300169,-0.37658459885200946,-0.1419757704540958
0.20057296572562477,0.1963466,-0.377787352131858,-0.14481862705902046
0.21440130371471244,0.19612053,-0.37468554413763355,-0.14591373687038625
0.18536149120095297,0.19728316,-0.3833918205359102,-0.1444446492288852
0.2846102998130101,0.19820894,-0.36605318912923174,-0.14191130513499228
0.25964403951812876,0.20411615,-0.3537317163839373,-0.1405557611597893
0.19288987754286352,0.20711155,-0.3587105792688651,-0.14120615361528158
0.17239823286818817,0.20710784,-0.3701297363726003,-0.14266191032308806
0.21216734909495255,0.20813559,-0.36952034068611367,-0.14313899180714337
0.24694017779995547,0.20801108,-0.3602714818115504,-0.1422206250095126
0.24215910216258246,0.20896335,-0.3572712167797574,-0.14129588087665904
0.284506788179019,0.20907788,-0.3457145596425488,-0.1420541981430919
0.26928730648823923,0.21240108,-0.3356585368963763,-0.14461218468425105
0.2791765748316287,0.21486801,-0.32152520466865075,-0.14723786859411828
0.257006242433228,0.21677674,-0.31560899734560754,-0.14801022159171592
0.19297983351982262,0.21890254,-0.32657082279685146,-0.14675681651455275
0.24250764397220725,0.22013393,-0.32705386988459395,-0.1452818865953083
0.29448711769435587,0.22288573,-0.31706656669973327,-0.14559201331533939
0.25412373339467553,0.22648199,-0.3174767598333658,-0.14785852032184812
0.27879546559512713,0.23063384,-0.3142566173045591,-0.15017147116088733
0.24978716238077586,0.23395355,-0.3167024958610757,-0.15038905576346165
0.22512501541430346,0.23477185,-0.32060346046068455,-0.14829181705576255
0.2635971698807349,0.23904103,-0.31727657963352496,-0.14590524560951848
0.2835959669414828,0.23942944,-0.3109642305236778,-0.14562678914799412
0.2491068360828233,0.2410766,-0.31333129863170683,-0.147948519768332
0.2686672434631338,0.2435665,-0.31241054190432577,-0.15097664285320664
0.24440614950609235,0.24544816,-0.31583245425745415,-0.15220457928691597
0.3279489744040248,0.24721722,-0.2972601383545555,-0.15081470345711057
0.27603221109318177,0.24981068,-0.29436385847083235,-0.14830632685684456
0.3474649429025561,0.25097653,-0.2753064053987152,-0.14692142832911562
0.35371368053609864,0.25801322,-0.25745934309854823,-0.14748861849155542
0.29420973647009063,0.26220134,-0.2532129141041101,-0.14880834567468995
0.2613509239250311,0.2654193,-0.25940951230662235,-0.14909812527554606
0.22265805963046542,0.26686105,-0.2762635106777248,-0.14794325576468018
0.24997421197083242,0.26811868,-0.28492808410509635,-0.14673537290657374
0.2571907093062829,0.2666461,-0.2946696033693029,-0.14716694479761885
0.36798039696041085,0.26651865,-0.27850746185299347,-0.14935803943233641
0.3221394306419948,0.27258715,-0.27300502948341443,-0.15158053735444213
0.3362630432444803,0.2778385,-0.2610596585385778,-0.15191761244668006
0.2378886722090226,0.28226402,-0.2719820621684668,-0.15020134312294783
0.28125906606003825,0.2819523,-0.269190659005638,-0.14824072215675818
0.36610565011562046,0.28341633,-0.24925064549864107,-0.14804729252434345
0.3461961854912864,0.28617388,-0.23863501556453906,-0.14979748735203777
0.3327930129163308,0.28886694,-0.2353349269078531,-0.15158657235156522
0.3641203398565518,0.29032552,-0.2253713839936026,-0.15127797632251316
0.40946712185850564,0.29419437,-0.20040319908167242,-0.14865746174042582
0.34059711361176226,0.30172,-0.19465080424991893,-0.1457556639930217
0.35552091871542135,0.30502266,-0.19049847061568756,-0.14497504671601982
0.363936764311815,0.30701682,-0.1862922062951505,-0.14681251670955067
0.45337681697252186,0.31075242,-0.16009883378366246,-0.14937888300004035
0.28177216072713485,0.31678838,-0.17985573419976889,-0.15017189222545013
0.39398972162181645,0.31776378,-0.17377734570381345,-0.1483779233493001
0.3665179639774389,0.3235396,-0.1745328698921847,-0.14549993199455138
0.3967883023677008,0.3270481,-0.1638675955460802,-0.14378314586846458
0.3527169014537498,0.330964,-0.17026471868986567,-0.14405899918814075
0.3801578572373067,0.3343192,-0.1697679600554409,-0.14513031375253024
0.4135401918815689,0.3378962,-0.1581454087678017,-0.14521650881086678
0.5109652861042518,0.34331217,-0.1248979654061734,-0.14390430314882255
0.4247751986545813,0.3488984,-0.11611486625697248,-0.14258626106734507
